symbol,entry_date,exit_date,entry_price,exit_price,shares,pnl,ret_pct,hold_days,reason,score
VICI,2025-09-19,2025-09-24,30.045617995551922,29.752200330858475,332,-97.41466467822433,-0.009765739041775912,3,signal,-0.9254849004237542
O,2025-09-19,2025-09-24,56.06777050327272,56.52412050033695,178,81.2302994774329,0.008139257062800276,3,signal,-5.018960088462251
HUM,2025-09-19,2025-09-25,260.1991613863236,258.0149850758567,38,-82.99869979774257,-0.008394248078394173,4,signal,-2.423536304084351
NUE,2025-09-19,2025-09-25,132.94308385932197,133.88011641832912,75,70.27744192553627,0.007048373874031011,4,signal,-4.827890978925211
EFC,2025-09-19,2025-09-26,11.7842061917721,11.645273602138777,848,-117.81483600905725,-0.01178972833404146,5,signal,-0.5524506578777562
PZZA,2025-09-19,2025-09-26,44.62078403020574,44.82017083688631,224,44.66264469644807,0.004468473851683141,5,signal,-2.7147262674399286
ORLY,2025-09-19,2025-09-26,104.16405755615233,104.93496091461182,96,74.00672241211123,0.007400857613903078,5,signal,-5.346023741143497
NTST,2025-09-25,2025-09-26,16.856203603085273,17.195083688854922,586,198.58373026101418,0.02010417610924109,1,signal,-0.7041853104997244
HD,2025-09-26,2025-09-29,397.3166771509123,398.35890891200114,24,25.013562266131885,0.002623176476161282,1,signal,-0.671321493754661
LYV,2025-09-19,2025-09-30,164.81464389038084,165.10473426818848,60,17.40542266845864,0.0017601007468766028,7,signal,-2.3265927182536217
BR,2025-09-19,2025-09-30,238.54205654208712,230.72081165420025,41,-320.671040403362,-0.03278769790645675,7,signal,-4.166653351201504
LQDA,2025-09-24,2025-09-30,22.502479541778563,22.847130838394165,440,151.64657051086493,0.015316147537239866,4,signal,-0.9700948738071702
NVST,2025-09-26,2025-10-01,20.019999999999996,20.279699237823486,494,128.2914234848041,0.01297198990127324,3,signal,-0.3943702873431221
JBGS,2025-09-30,2025-10-01,20.67272589799282,21.14625468038718,477,225.8732292021101,0.022905967250324677,1,signal,-0.4491627614528966
NKE,2025-09-19,2025-10-02,69.78119211006295,72.53343481901393,143,393.57070737999123,0.03944103884912131,9,signal,-2.9832979629477876
AVGO,2025-09-30,2025-10-02,328.608543102758,345.32711659368255,30,501.55720472773623,0.050876868060294234,2,signal,-0.7579974655386934
GWRE,2025-09-25,2025-10-03,235.76552877807615,231.41834390258788,41,-178.23457989501895,-0.018438594047309742,6,signal,-0.32584944605707733
SSD,2025-09-29,2025-10-03,170.9518664463083,168.68976702157525,57,-128.93966720978312,-0.013232376292560133,4,signal,-0.6650058806254009
SXT,2025-09-30,2025-10-06,91.68782923344705,92.98988017347091,107,139.31945058255312,0.01420091358809139,4,signal,-0.4585981762571407
ALLY,2025-10-01,2025-10-06,37.8250384783343,38.73981084203314,261,238.75558692539656,0.024184307551274653,3,signal,-0.37454840996508665
WAL,2025-10-03,2025-10-06,84.57866641415642,85.70151092160431,117,131.3728073714036,0.013275741449382261,1,signal,-0.4782971268402463
ANIP,2025-10-01,2025-10-07,91.65155755615234,92.25764847564697,108,65.4578193054204,0.006612990937151286,4,signal,-0.7285830326909064
LOW,2025-09-24,2025-10-08,253.34370488619783,234.35609192351436,39,-740.5169055446554,-0.07494803540199557,10,time,-0.7825627236964721
NFLX,2025-10-06,2025-10-08,116.15303956604002,119.5912875366211,85,292.2510774993913,0.029601015896155047,2,signal,-0.7679304697537361
WWW,2025-09-26,2025-10-09,27.238878996163635,25.24250196319243,363,-724.6848629685468,-0.0732914534864807,9,signal,-0.594136527928228
CALX,2025-10-06,2025-10-09,60.42036061096191,59.240699237823485,164,-193.46446519470132,-0.01952423589018437,3,signal,-0.5847783020232384
IBP,2025-10-06,2025-10-09,242.021061524346,236.46050394757268,41,-227.9828606477067,-0.022975511063998755,3,signal,-1.1927645785621905
ALGM,2025-10-08,2025-10-09,27.54752045822143,28.32664454269409,353,275.0308018188488,0.028282911547494072,1,signal,-0.16800134842070236
VVV,2025-09-26,2025-10-10,36.846811374664306,34.08587893295288,268,-739.929894378662,-0.0749300234866409,10,time,-0.6246880836101383
AEO,2025-10-07,2025-10-14,15.461345481988952,14.754905423470131,638,-450.7087573350076,-0.0456907233165289,5,signal,-0.19670384043755007
STC,2025-10-08,2025-10-14,66.58677911693812,65.46650762476914,146,-163.55963785667134,-0.016824233083891693,4,signal,-0.1579782812456898
ENVA,2025-10-02,2025-10-15,112.29218030548094,111.22865634155274,88,-93.59010882568202,-0.00947104207109506,9,signal,-0.445946424844891
LOW,2025-10-09,2025-10-15,233.04991922081462,236.41174928349335,42,141.19686263250685,0.014425364633975368,4,signal,-0.13238945196769691
ESNT,2025-10-09,2025-10-15,58.51183394035529,59.6321500201189,168,188.21310140028675,0.01914682901420628,4,signal,-0.21966601022565158
HD,2025-10-09,2025-10-15,372.72771844964274,378.1325287442293,26,140.52506765925114,0.0145006932059355,4,signal,-0.26937150235420404
RDN,2025-10-10,2025-10-15,33.06439688063134,32.84314386741724,293,-64.82713287173206,-0.006691578679413612,3,signal,-0.14496718886105953
PHIN,2025-10-14,2025-10-15,50.21368165412018,52.31225743067359,190,398.72939754514795,0.04179290797692814,1,signal,-0.3583521988256848
LPG,2025-10-02,2025-10-16,26.43549875850144,24.54498895721612,373,-705.1601558794239,-0.07151405837112668,10,signal,-0.6349912817998415
BDC,2025-10-03,2025-10-16,118.24792729733981,114.12215362109103,84,-346.56498880489784,-0.034890875219100725,9,signal,-0.43422414058871084
NHI,2025-10-14,2025-10-16,70.16725518949043,70.92410533396263,136,102.93161964821866,0.010786372395902966,2,signal,-0.28137201496339515
MMS,2025-10-15,2025-10-20,83.54756908250653,83.83124781031657,116,32.90673242596483,0.0033954157006039765,3,signal,-0.2634794484190195
PFE,2025-10-15,2025-10-20,22.90790624800867,22.93682033623372,423,12.230659319196448,0.00126218816822532,3,signal,-1.5598945345962818
HUM,2025-10-15,2025-10-20,258.0476385865292,272.4048878306033,37,531.2182220307405,0.055637979571201424,3,signal,-3.364604219371131
ABBV,2025-10-16,2025-10-20,221.21595792341412,225.43887887252762,43,181.58560081188054,0.019089585528795805,2,signal,-2.7517429604388326
AM,2025-10-15,2025-10-21,17.336247934451993,17.502123623204742,559,92.7245100127866,0.009568142390436574,4,signal,-2.6896125158891664
CPK,2025-10-16,2025-10-21,129.5124418721528,131.92080648040528,75,180.6273456189352,0.018595623504882086,3,signal,-1.9020595463441907
COIN,2025-10-16,2025-10-21,338.82848022460934,341.93771878051757,28,87.05867956543057,0.00917643804277346,3,signal,-2.896546409593995
PSN,2025-10-20,2025-10-21,83.78369694519041,84.96495304870605,115,135.84445190429818,0.014098877783924824,1,signal,-3.059870891804195
KTOS,2025-10-20,2025-10-22,87.36727877807616,89.91,110,279.69933441162254,0.029103816182517006,2,signal,-1.7541635191029172
MSA,2025-10-20,2025-10-22,164.04338281026048,166.33169872379955,59,135.01063889880487,0.013949455774060926,2,signal,-2.7328620550236877
WRBY,2025-10-09,2025-10-23,24.50447954177856,21.638339847564698,401,-1149.3220173797592,-0.11696390814288793,10,signal,-0.17313792945647322
LIF,2025-10-15,2025-10-23,101.1910863342285,91.52838274383545,95,-917.9568410873399,-0.09548967147637566,6,signal,-3.779249376379667
AFG,2025-10-21,2025-10-23,125.06239628673728,127.446994561094,77,183.6140671254674,0.01906726838089212,2,signal,-6.758902550153607
APP,2025-10-21,2025-10-24,568.2576924438476,606.9574374389648,17,657.8956649169917,0.06810245687776817,3,signal,-7.66008205887438
P,2025-10-23,2025-10-24,89.68959847259521,95.16474213409424,108,591.3155154418955,0.06104546965021784,1,signal,-1.4647828673927847
LSCC,2025-10-23,2025-10-24,67.21715152740478,70.25967182922363,144,438.122923461915,0.045264046938650715,1,signal,-2.038259299753875
GEV,2025-10-23,2025-10-24,579.5061196327985,605.271368972597,16,412.24398943677625,0.04446070277243064,1,signal,-2.1533089435764055
TLN,2025-10-22,2025-10-27,380.3199424438476,415.0845,25,869.1139389038099,0.09140871586371047,3,signal,-2.932643929729835
VST,2025-10-22,2025-10-27,186.95895096862674,202.61253721951567,52,813.9864850462246,0.08372739668140161,3,signal,-3.8901929942097695
BLK,2025-10-24,2025-10-27,1118.5080985396871,1121.2814352070432,8,22.186693338848272,0.002479496278101845,1,signal,-3.6064786918583707
ULTA,2025-10-20,2025-10-28,540.1696348876952,520.5189380493164,17,-334.06184625244043,-0.036378751357366346,6,signal,-1.523143358589337
NEU,2025-10-21,2025-10-28,738.5387795695943,741.1720466626513,13,34.23247220974008,0.0035655095790523283,5,signal,-1.5598184690143313
UTHR,2025-10-15,2025-10-29,433.85343344116205,414.9546251220703,22,-415.77378302001864,-0.043560352096775,10,time,-3.103959807923289
RNR,2025-10-21,2025-10-30,248.23091140612706,248.74984558844568,39,20.238433110426058,0.002090530060817386,7,signal,-4.175939394089966
WMB,2025-10-24,2025-10-31,57.653484808460725,55.70598592303297,172,-334.9698082935739,-0.033779378504141255,5,signal,-2.6775187315548834
NSC,2025-10-27,2025-10-31,277.34356608617855,275.27756769043657,36,-74.37594224671147,-0.007449238592035723,4,signal,-2.0691752820609253
FHI,2025-10-27,2025-11-03,47.46866258140138,47.188959611835514,211,-59.017326578398134,-0.005892370973928807,5,signal,-1.0078281312592878
AN,2025-10-28,2025-11-03,192.45225450134276,198.4313748779297,52,310.9142595825206,0.031068071361799676,4,signal,-1.8550527608525726
CASY,2025-10-24,2025-11-05,534.4947728937703,521.8749878956178,18,-227.15612996674622,-0.023610679913348198,8,signal,-2.391151764022652
HSY,2025-10-24,2025-11-06,177.72353852734662,163.5494124828723,55,-779.5769324460877,-0.07975379154570073,9,signal,-2.353002657639834
ORLY,2025-10-27,2025-11-06,96.90680755615233,94.45545304870605,103,-252.4895142669671,-0.025295999004258274,8,signal,-2.3073542129195346
WTRG,2025-10-30,2025-11-06,37.69832074903536,38.14326786384065,265,117.9109854234013,0.011802836464981592,5,signal,-0.4630520958985471
SIG,2025-10-31,2025-11-06,97.77220361684198,98.98439620158403,102,123.64364364368967,0.012398130960538545,4,signal,-0.34976456388137933
RMD,2025-10-31,2025-11-07,252.0973509481019,245.81071600800803,39,-245.17876266366116,-0.024937330425927717,5,signal,-0.3355569324376404
UNFI,2025-11-03,2025-11-07,37.46743030548095,37.3026601524353,265,-43.664090557097666,-0.004397690252633812,4,signal,-0.21771461324385655
USLM,2025-11-03,2025-11-07,116.1275896047771,113.92176673313735,85,-187.49494408937906,-0.018994821808899554,4,signal,-0.24016709991583696
RGLD,2025-10-28,2025-11-10,174.67642971626017,178.90375688146497,57,240.9576484166735,0.024200902045407924,9,signal,-0.9845072537642778
DTE,2025-11-05,2025-11-10,130.87291343344458,133.75928592417614,74,213.59156431413544,0.02205477371144049,3,signal,-0.1909053518056396
RSI,2025-11-06,2025-11-10,16.67665984725952,17.472509771347045,595,473.5307048320785,0.04772238154262709,2,signal,-0.5765612161716689
URI,2025-10-29,2025-11-11,875.9688513948284,844.7689149704082,11,-343.1993006686225,-0.03561763226482284,9,signal,-1.0596286372082773
IQV,2025-11-06,2025-11-11,210.20999999999998,214.19559365844728,47,187.3229019470231,0.018960057363813787,3,signal,-0.7321500976647712
MSFT,2025-11-07,2025-11-11,493.3875551935621,500.1798775574761,20,135.8464472782805,0.013766707920408239,2,signal,-0.7816028716801071
GWRE,2025-11-06,2025-11-12,219.51930305480954,220.3094687805176,45,35.557457656862255,0.0035995273067661593,4,signal,-0.35387250334574105
EL,2025-11-07,2025-11-12,85.89514042637921,90.12641687239608,115,486.5967912919393,0.049260952657077084,3,signal,-0.2985535775102477
DHR,2025-11-10,2025-11-12,207.91436457496604,214.21458858459815,48,302.41075246234095,0.030302014112932874,2,signal,-1.4683256391797244
REZI,2025-11-06,2025-11-13,21.594294202804562,21.95436300086975,459,165.2715783119218,0.016674256388450326,5,signal,-0.7433387227442694
HE,2025-11-11,2025-11-13,11.281270458221435,11.548440419197082,896,239.38428503417936,0.023682612872820696,2,signal,-1.39599640285293
HXL,2025-11-11,2025-11-13,67.63517480923606,68.28469559378135,149,96.77859689724794,0.009603298673763305,2,signal,-2.676353937383425
PI,2025-11-12,2025-11-20,157.56741366577145,155.15468756103516,64,-154.4144707031228,-0.015312341864378909,6,signal,-2.8578584222930346
ANET,2025-11-07,2025-11-21,134.54441366577146,118.30157817077637,73,-1185.7269911346416,-0.12072471128637663,10,time,-0.7217496284239218
ARLO,2025-11-10,2025-11-24,15.155140343666075,13.366620114326476,660,-1180.4233513641348,-0.11801409876663338,10,signal,-0.5397270443123858
DELL,2025-11-10,2025-11-24,148.53107228748325,123.54509481075863,67,-1674.0604909405502,-0.16822054195073766,10,signal,-0.9974984729702072
TT,2025-11-12,2025-11-24,420.58297088306574,407.3625499532679,24,-317.2901023151485,-0.03143356209130377,8,signal,-2.204450672010111
OSW,2025-11-12,2025-11-24,21.469106206067572,20.18937794611879,471,-602.7520104358767,-0.05960789646599762,8,signal,-2.2563484915786773
XYL,2025-11-20,2025-11-24,138.68640470404304,138.31079394812434,65,-24.414699134715505,-0.002708345902543652,2,signal,-0.2854843072158957
KN,2025-11-21,2025-11-24,20.64062084007263,21.548429695129393,431,391.2656165294654,0.04398166421885441,1,signal,-0.11244642249049264
SEI,2025-11-11,2025-11-25,49.030080893520946,44.72151740234567,206,-887.5640791821072,-0.0878759205095383,10,signal,-2.8744301591493553
LUMN,2025-11-13,2025-11-25,8.438430305480956,7.782209961891175,1197,-785.4957512769688,-0.07776568862144317,8,signal,-2.011186809499293
CLSK,2025-11-13,2025-11-25,12.997984656333921,11.01896973323822,777,-1537.6945952453593,-0.15225552079193494,8,signal,-2.2649992392751273
ANIP,2025-11-13,2025-11-25,87.35726663970947,81.65825786590577,115,-655.3860089874253,-0.06523794748876832,8,signal,-2.786379048857995
AVAV,2025-11-24,2025-11-25,272.81254855346674,276.71300024414063,33,128.71490579223837,0.014297185783261224,1,signal,-0.1562907710047483
PLTR,2025-11-24,2025-11-25,157.6274712219238,159.90993731689454,57,130.10056741333239,0.014480128858739727,1,signal,-1.2809188352091354
RTX,2025-11-24,2025-11-25,167.6308864722239,170.7351607898698,54,167.6308131528795,0.018518510418784162,1,signal,-1.8104754966590235
BKE,2025-11-25,2025-11-26,50.44281330935225,52.0157829051911,187,294.1453144218648,0.0311832249758206,1,signal,-1.5760963613076768
RNR,2025-11-25,2025-11-26,256.00746768994406,260.83908621059487,37,178.76988526407985,0.01887295930954047,1,signal,-3.866059374240791
AMD,2025-11-24,2025-11-28,207.36716366577147,215.9238593902588,44,376.49461187744237,0.041263503696654436,3,signal,-1.2786771991722503
AM,2025-11-25,2025-11-28,16.99081336749746,17.179213920707706,557,104.93910813810761,0.011088377532923133,2,signal,-8.129771939277973
CVI,2025-11-26,2025-11-28,34.102170572363214,33.91489812978304,276,-51.68719415212789,-0.005491510934261257,1,signal,-9.676126922626679
DDOG,2025-11-24,2025-12-01,158.29813938903806,158.93090634155274,57,36.0677162933371,0.00399731137053716,4,signal,-0.3039998634247496
LHX,2025-11-24,2025-12-01,272.89849997168756,272.4914185157023,33,-13.43368804751276,-0.0014916954692952844,4,signal,-0.8997466758783617
CVX,2025-11-25,2025-12-01,144.99985504030892,147.4799581134518,65,161.20669975428754,0.017104176224544743,3,signal,-7.192835785841041
XOM,2025-11-25,2025-12-01,113.02776282543645,113.7029493133773,83,56.04047849909044,0.005973634008695994,3,signal,-9.264546903971052
PBF,2025-11-26,2025-12-01,33.937261298805815,33.908689877304575,278,-7.942855177344853,-0.000841889427955822,2,signal,-9.763258548992567
INSW,2025-12-02,2025-12-04,43.993425628891316,44.728107441906,216,158.6912716111712,0.0166998091763102,2,signal,-2.717433147442506
AVAV,2025-12-02,2025-12-04,259.0587877807617,271.728,36,456.09163989257945,0.048904776895505764,2,signal,-3.439230494812321
PLUS,2025-12-02,2025-12-05,87.12785342513028,89.11078979194292,109,216.1400639825775,0.022758925979010636,3,signal,-5.394409965466025
PODD,2025-12-02,2025-12-05,313.48318344116205,314.8048751220703,30,39.65075042724777,0.004216148586982493,3,signal,-6.517673777434567
JAZZ,2025-12-02,2025-12-08,173.24307733154296,169.75007817077636,54,-188.62195468139646,-0.02016241696100729,4,signal,-6.516128278811465
YOU,2025-12-02,2025-12-10,34.507400215744106,34.314713086757266,275,-52.98896047138104,-0.0055839364247128875,6,signal,-5.272290759129746
ESE,2025-12-02,2025-12-11,207.0369179072415,202.80059757550336,45,-190.6344149282164,-0.02046166632772295,7,signal,-6.823207323367967
COR,2025-12-04,2025-12-11,333.65469781833167,339.7707484748535,28,171.2494183826118,0.018330479674084854,5,signal,-1.1615305676390335
MEDP,2025-12-05,2025-12-11,548.0775593261718,557.9814380493164,17,168.36593829345725,0.018070213886006936,4,signal,-0.6119520926309576
WRB,2025-12-02,2025-12-12,70.74254412045477,67.87603379755895,134,-384.11238326803993,-0.040520317137802575,8,signal,-2.2391429404656265
DGX,2025-12-02,2025-12-12,181.61340162222567,179.63330839163376,52,-102.96484799077905,-0.010902792486155333,8,signal,-5.442342960136031
HIG,2025-12-05,2025-12-12,129.88234371473547,133.85159926028757,72,285.7863992797513,0.030560393599532665,5,signal,-1.1346569692804565
ALL,2025-12-08,2025-12-12,201.1650102887612,204.46540393364612,46,151.81810766470568,0.016406400099835405,4,signal,-0.5057066827769603
ELAN,2025-12-10,2025-12-15,20.700680305480955,21.4785,450,350.01886253357065,0.037574595764038765,3,signal,-0.13801569139820913
HALO,2025-12-02,2025-12-16,68.068,63.17676167678833,139,-679.8821269264217,-0.07185811722412394,10,signal,-6.2161643614313675
CAH,2025-12-04,2025-12-16,198.42871120332788,197.63546966526053,47,-37.2823522891654,-0.0039976147265026185,8,signal,-1.4934550342762094
OGS,2025-12-11,2025-12-16,75.1474893726092,75.7185649990292,125,71.38445330249965,0.007599397281103926,3,signal,-0.19388731792247427
LTC,2025-12-11,2025-12-16,33.4088080962217,33.44711706348812,281,10.764819801865166,0.0011466726725506415,3,signal,-0.2162309761035459
XEL,2025-12-11,2025-12-16,72.50218592071532,73.39404767194308,129,115.05016590838167,0.012301170508197679,3,signal,-0.3371440380263806
CWEN,2025-12-12,2025-12-16,31.589947912060303,31.382655043081925,300,-62.187860693513386,-0.006561988312086986,2,signal,-0.2850844805060575
AHR,2025-12-12,2025-12-17,45.874095756045115,46.884204941606,206,208.08249222554247,0.02201916286116168,3,signal,-0.5033318319745916
TMDX,2025-12-12,2025-12-22,127.54741816711424,129.45042182922364,74,140.82227099609548,0.014919970074314337,6,signal,-0.5684286275886876
EXE,2025-12-16,2025-12-22,107.46585552924215,107.0744340919515,88,-34.44508648157682,-0.0036422865231285906,4,signal,-0.869525555017745
DDOG,2025-12-16,2025-12-22,140.86072122192382,142.03781268310547,67,78.86512789917032,0.008356420803264042,4,signal,-1.3626463398504285
AMD,2025-12-16,2025-12-22,207.12691816711424,219.78,46,582.041764312745,0.06108854389788676,4,signal,-2.04825051400546
CRWD,2025-12-16,2025-12-22,121.74262319946288,119.8250546951294,78,-149.57034333801207,-0.015751003666084507,4,signal,-2.1225167809362375
HOOD,2025-12-16,2025-12-22,116.81169469451903,123.38649213409424,81,532.5585926055917,0.056285438343903316,4,signal,-2.1478430667663133
EQT,2025-12-16,2025-12-24,54.23742649615393,53.50517957059682,175,-128.14321197249365,-0.013500768249190997,6,signal,-1.7427390150115372
PBF,2025-12-17,2025-12-24,26.467722242966282,25.993064507327972,357,-169.45281162287665,-0.017933456127470437,5,signal,-0.5056649825911421
EZPW,2025-12-22,2025-12-24,19.399379159927367,20.189789085388185,485,383.34881384849655,0.04074408355776349,2,signal,-0.8439970932568315
MRP,2025-12-22,2025-12-24,27.23942493719743,27.68363844608002,345,153.2536605644938,0.01630774180830752,2,signal,-1.3727369435788859
VIR,2025-12-22,2025-12-24,5.795789961814879,6.003990228652954,1624,338.11723334503364,0.035922672872858774,2,signal,-1.4806293942743736
BKH,2025-12-22,2025-12-24,65.54028200402703,67.55501717684828,143,288.1071297134383,0.030740410495906145,2,signal,-1.562656466666212
CVI,2025-12-12,2025-12-29,30.878980318499828,26.101366509334234,307,-1466.7274394138374,-0.15472058208811024,10,time,-0.2461951915031051
BHF,2025-12-22,2025-12-29,65.04498336029052,64.88504695129394,144,-23.03084289550634,-0.002458858481224735,4,signal,-0.549848644598228
PHM,2025-12-22,2025-12-29,119.15028623678052,117.1851106548344,79,-155.24887097374292,-0.016493251036265533,4,signal,-1.3639059563876117
DHI,2025-12-24,2025-12-29,143.34096073977355,144.61910730777922,66,84.35767348837402,0.0089168271330764,2,signal,-0.689792146997263
KRC,2025-12-24,2025-12-29,35.779341943160645,36.3745748151717,264,157.14147821091797,0.016636216310424112,2,signal,-1.1806919749224107
PARR,2025-12-15,2025-12-30,40.720680305480954,35.964,233,-1108.3065111770627,-0.11681239777422658,10,time,-0.21944234337961177
JOE,2025-12-24,2025-12-30,59.05696827604065,58.869537704880884,160,-29.98889138556251,-0.0031737249071724927,3,signal,-0.8176060851016302
WMT,2025-12-24,2025-12-30,110.3084470823962,111.07079343608686,85,64.79944006370609,0.006911042389357691,3,signal,-1.3285593231358916
PEP,2025-12-24,2025-12-31,139.681751403721,139.44145584879297,67,-16.099802180177676,-0.0017203074310938593,4,signal,-0.720823574469236
ALHC,2025-12-29,2025-12-31,18.698680305480956,19.29068946647644,508,300.7406537857061,0.031660478243587864,2,signal,-1.580257865597659
BKE,2025-12-24,2026-01-05,50.48914412643203,49.82418295908357,187,-124.34773829416176,-0.013170379075614802,6,signal,-0.7203762103396514
FFBC,2025-12-29,2026-01-06,25.107371397471347,24.90132992988538,378,-77.88367474749492,-0.008206413340693941,5,signal,-0.9971946761881298
NWBI,2025-12-29,2026-01-06,11.778160496750196,11.591768927986976,806,-150.23160442315537,-0.015825184995114427,5,signal,-1.1585878409138957
YOU,2025-12-29,2026-01-06,35.1632794062664,35.19154228312964,270,7.630976753076126,0.0008037611207050155,5,signal,-1.855387147595124
HAFC,2025-12-30,2026-01-06,26.763036597077146,26.4861738191644,354,-98.00942338111246,-0.010344968774693708,4,signal,-0.23909211838287092
IBOC,2025-12-30,2026-01-06,66.23091314617685,66.32376917278681,143,13.27841180522502,0.0014020043239479918,4,signal,-0.8750729367498451
TRMK,2025-12-31,2026-01-06,38.74408659662318,39.12839358950567,244,93.77090626332833,0.009919113512305344,3,signal,-0.2807146918785719
CBU,2025-12-31,2026-01-06,56.80978898324539,56.87199032707293,166,10.325423075371447,0.001094905384103395,3,signal,-0.35971435702467147
NBHC,2026-01-05,2026-01-06,36.89849487066563,37.781256174493315,254,224.221371172232,0.023924046412242106,1,signal,-0.1926228277301476
TRN,2025-12-29,2026-01-07,26.76476186399815,28.536039938458288,354,627.032438358889,0.0661794819419903,6,signal,-1.3917403791565732
EXEL,2026-01-06,2026-01-07,42.21216816711425,44.20575,225,448.55591239929424,0.047227657792732636,1,signal,-0.9307042319868657
FLG,2026-01-06,2026-01-08,12.284835170280484,12.38987028481634,775,81.40221376528798,0.00854998158949316,2,signal,-0.243183824870016
HRMY,2026-01-06,2026-01-08,36.67663938903808,37.51244923782349,259,216.47475083542102,0.022788615933967415,2,signal,-0.7265166466736872
GILD,2026-01-06,2026-01-08,116.24693851606548,121.7653684351221,81,446.99282344358585,0.047471615076503326,2,signal,-0.8363508500086994
COKE,2025-12-30,2026-01-09,153.28258086679878,148.70928119273833,61,-278.97128011768746,-0.029835742901762607,7,signal,-0.7135281728727563
MCY,2026-01-06,2026-01-09,89.20350975069326,89.60888097696956,106,42.96934998528795,0.004544341667825025,3,signal,-0.8310383659635221
AVGO,2026-01-09,2026-01-12,337.01648480015075,339.35897577356997,28,65.58974725573808,0.006950671789269558,1,signal,-1.7499267301989505
VTR,2026-01-06,2026-01-13,75.29947551976548,74.46809310838347,126,-104.75418383413313,-0.011041011981069881,5,signal,-0.9039293851219838
HCI,2026-01-08,2026-01-13,172.88049630653546,178.47535689193003,55,307.71733219670136,0.032362589794249,3,signal,-0.5116469364634071
TKO,2026-01-06,2026-01-14,201.42291035559577,204.10019291154012,47,125.8322801293842,0.013291847244277344,6,signal,-0.8423992066166761
CSCO,2026-01-06,2026-01-14,74.9177943244247,74.17415716786515,127,-94.44191888306385,-0.009926041780398687,6,signal,-0.8862522658345426
AAPL,2026-01-07,2026-01-14,262.7480420476962,258.5268224794013,36,-151.96390445861584,-0.016065655657782618,5,signal,-0.41116176024304707
PTGX,2026-01-07,2026-01-14,82.33224999999999,80.76914847564697,116,-181.31977682494983,-0.01898528856375259,5,signal,-0.5382080682186228
MGM,2026-01-08,2026-01-14,33.94390984725952,34.42553908538818,284,136.78270362853988,0.014188973524142945,4,signal,-0.30054475706566564
HPE,2026-01-09,2026-01-14,21.860954704757955,21.89625463493528,442,15.60256913837712,0.0016147478760222267,3,signal,-0.8247764182493427
JCI,2026-01-12,2026-01-14,110.2847513114545,111.31581248462585,87,89.70232206590764,0.009349081907611412,2,signal,-3.3170445586671917
LVS,2026-01-08,2026-01-16,60.225913330666884,59.12378057404933,160,-176.34124105880915,-0.018299975802215873,6,signal,-0.5264551408788805
AORT,2026-01-13,2026-01-16,42.82277877807617,42.94701167678833,225,27.952402210235583,0.002901093816353617,3,signal,-2.794230893894465
SYF,2026-01-14,2026-01-20,76.53090966894288,76.69374030681574,127,20.67949100985298,0.0021276453994500955,3,signal,-2.386322250888483
BHF,2026-01-14,2026-01-21,64.0740121383667,64.30563274383545,152,35.20633203124976,0.003614891556479538,4,signal,-2.4012577402500597
TRV,2026-01-14,2026-01-22,268.97685625862124,267.7776402378793,36,-43.17177674670893,-0.004458435708642794,5,signal,-1.502717603585225
LNC,2026-01-14,2026-01-22,40.40180195606557,40.25283742938595,241,-35.90045092978848,-0.0036870763052007094,5,signal,-1.737247358551599
INDV,2026-01-13,2026-01-23,34.034,33.66630076217651,283,-104.05888430404686,-0.01080387958581086,7,signal,-1.667115463313678
BILL,2026-01-16,2026-01-23,48.5485,46.70325,199,-367.20475,-0.03800838336920809,4,signal,-1.2071936786395128
TTWO,2026-01-20,2026-01-23,239.23899999999998,240.8988593902588,40,66.39437561035265,0.006938080288994675,3,signal,-0.526832091476237
WFC,2026-01-22,2026-01-23,85.11522535605582,85.99678515792347,112,98.73469780917708,0.010357251574907966,1,signal,-0.4647230570654557
PLTR,2026-01-22,2026-01-26,169.09392805480954,168.0417967071533,56,-58.91935546874879,-0.006222171072371108,2,signal,-0.7601838835680326
L,2026-01-14,2026-01-27,102.75651492694749,102.39163068075354,94,-34.29911914223152,-0.003550959727014469,8,signal,-1.796177192572486
ALLY,2026-01-14,2026-01-27,42.73428780911779,41.25955702273001,228,-336.238619296414,-0.03450931001763724,8,signal,-2.0553596691449343
GNW,2026-01-16,2026-01-27,8.258249999999999,8.321669923782348,1174,74.45499052047872,0.007679583904864895,6,signal,-1.5707511511200352
ISRG,2026-01-21,2026-01-27,528.1176168823241,532.077375366211,18,71.2756527099632,0.007497872362718816,4,signal,-0.48784901739156794
ULS,2026-01-23,2026-01-27,72.1708711688648,72.44410572831542,133,36.340196406931696,0.0037859396045158977,2,signal,-1.1352876240505054
APP,2026-01-23,2026-01-28,522.0215,546.2481879272461,18,436.0803826904314,0.046409368057151346,3,signal,-1.0798555316918197
SUPN,2026-01-23,2026-01-28,48.8588113746643,49.3605898475647,196,98.34858068847797,0.01026996889164189,3,signal,-2.1343571112251425
AGO,2026-01-14,2026-01-29,84.25814148496744,82.95742728124007,115,-149.58213342864718,-0.01543725248152339,10,time,-1.8937071421957796
BIO,2026-01-26,2026-01-29,295.8855863342285,298.4312809753418,32,81.46222851562561,0.008603645323357334,3,signal,-1.0140149852138052
AKR,2026-01-27,2026-01-30,19.466272641979135,19.280498751861582,496,-92.14384949830594,-0.009543372454207222,3,signal,-1.0718893162408136
AMR,2026-01-27,2026-01-30,214.09388488769528,215.25953109741212,45,52.4540794372578,0.005444556299813552,3,signal,-1.8564937251210551
RSI,2026-01-27,2026-01-30,17.21720076370239,18.76122068595886,560,864.6511564636237,0.08967891723209731,3,signal,-2.193619623342073
BYD,2026-01-28,2026-01-30,81.73032138191724,83.25290929202255,118,179.6653733924272,0.01862941298114351,2,signal,-0.9061142203660211
TJX,2026-01-27,2026-02-02,149.26437319189114,148.76820643033497,64,-31.754672739594753,-0.003324080294219378,4,signal,-1.4900949709859646
AORT,2026-01-30,2026-02-03,40.57052877807617,41.2986601524353,240,174.75152984619285,0.017947298107502396,2,signal,-1.156732068481091
HCC,2026-01-27,2026-02-04,90.34601610617428,92.29758747588124,106,206.86656518893867,0.021601078318865596,6,signal,-1.6541934280835449
TXRH,2026-01-29,2026-02-04,179.82697096970705,182.51617318026717,53,142.52771715968666,0.014954387520730306,4,signal,-0.6540636112736422
WY,2026-01-30,2026-02-04,25.193913460670412,25.960937054323985,386,296.071107150279,0.03044479750440332,3,signal,-1.3513497351501655
HAE,2026-01-23,2026-02-05,70.07,64.935,137,-703.4949999999988,-0.0732838589981446,9,signal,-1.3361963450285117
SKY,2026-01-29,2026-02-05,84.05397122192382,79.96995304870606,114,-465.5780717468243,-0.04858804544088602,5,signal,-1.0655599729343095
BA,2026-01-30,2026-02-05,233.73349999999996,233.87589060974122,41,5.838014999391476,0.0006092006911344594,4,signal,-1.2238642907912407
KEX,2026-01-30,2026-02-05,119.77966366577147,120.36950786590576,81,47.77738021087784,0.004924410221923692,4,signal,-1.42027050799922
HAYW,2026-02-04,2026-02-05,15.915899618148803,16.153830076217652,605,143.94792713165367,0.014949230880894726,1,signal,-0.07433228872496045
PIPR,2026-02-04,2026-02-05,82.40533570624898,83.96434623829354,116,180.8452217171698,0.018918805665715466,1,signal,-0.4832631434527883
EFC,2026-01-28,2026-02-06,12.387464692142366,11.970563097867142,780,-325.1832435346746,-0.03365511867328863,7,signal,-1.4296909112218543
IDXX,2026-02-03,2026-02-09,636.2256168823242,647.0722507324218,15,162.6995077514647,0.01704840792681228,4,signal,-0.5599105291976088
WBD,2026-02-05,2026-02-09,27.087059465408323,27.312660152435303,364,82.11865007782048,0.008328725652745117,2,signal,-0.3188360646397115
AMKR,2026-02-05,2026-02-09,43.45116489049335,48.34498868651905,227,1110.898001697834,0.11262813801101146,2,signal,-0.6121601348181969
PDFS,2026-02-05,2026-02-09,27.497469312667842,29.000970685958862,358,538.253491638185,0.054677808935616135,2,signal,-0.6510425111605542
CELH,2026-02-05,2026-02-09,48.92888106918335,49.530421829223634,201,120.90969276809761,0.012294185906065014,2,signal,-0.9391140939773379
STEP,2026-02-04,2026-02-10,61.07280981634776,60.39897501331805,157,-105.79206407566386,-0.0110333027914713,4,signal,-0.11789153915633221
BRKR,2026-02-06,2026-02-10,40.9836127870847,41.788725931351465,235,189.2015889026892,0.0196447577340102,2,signal,-0.2630217139539468
TMO,2026-02-02,2026-02-17,574.8891175631704,500.7053914494382,16,-1186.9396178197157,-0.12904005980871736,10,time,-0.8930061117160051
PEN,2026-02-05,2026-02-17,341.5612212219238,338.6709997558594,28,-80.9262010498037,-0.008461796265175403,7,signal,-0.971527951887424
CUBI,2026-02-10,2026-02-18,75.17509847259521,73.72620304870605,129,-186.90750968170101,-0.019273608592841995,5,signal,-2.8107044305108246
ILMN,2026-02-05,2026-02-19,133.82369244384765,119.16071878051758,73,-1070.3970774230947,-0.10956934004404817,9,signal,-0.5604031473648661
OMCL,2026-02-09,2026-02-19,36.86683183288574,38.091871067047116,267,327.0854755210882,0.033228763450962706,7,signal,-2.7799458916718294
MEDP,2026-02-10,2026-02-19,489.4889999999999,442.4471246337891,19,-893.7956319580057,-0.09610405007305745,6,signal,-2.944754282665798
OI,2026-02-17,2026-02-20,14.824810420036314,15.104879885673522,623,174.4832770919806,0.018891942473590273,3,signal,-1.810646475846923
FOX,2026-02-09,2026-02-23,57.76117754179827,51.297814896757394,170,-1098.7716496569485,-0.11189804155851446,9,signal,-1.344036796707698
FOXA,2026-02-09,2026-02-23,64.39316973866859,56.08917177205395,153,-1270.5116888920395,-0.1289577450576722,9,signal,-1.3587991570755236
GOOGL,2026-02-09,2026-02-23,320.6272121247979,318.1121124498589,30,-75.45299024816984,-0.00784431133674346,9,signal,-3.5360975598081836
GOOG,2026-02-09,2026-02-23,320.9332293358495,318.19821382818145,30,-82.05046523004114,-0.008522070193005438,9,signal,-3.8411216748387176
FBK,2026-02-19,2026-02-23,57.77602280582071,58.78107134963969,162,162.8178640986747,0.017395599333599687,2,signal,-1.569669426459555
KAI,2026-02-19,2026-02-23,315.1556408567511,334.46044941154025,29,559.8394480888849,0.06125484063147013,2,signal,-1.7783531136379906
MDT,2026-02-17,2026-02-24,94.34735637154836,96.77110522062303,97,235.103638360243,0.025689631827411574,5,signal,-1.2391873480081586
ALKS,2026-02-19,2026-02-25,31.871840152740475,32.4675,295,175.71965494156018,0.018689220465618828,4,signal,-1.8158512100378772
AMR,2026-02-20,2026-02-25,176.46628327941892,181.9578593902588,53,291.0535338745133,0.03111969045182672,3,signal,-0.8472363868682748
BCC,2026-02-23,2026-02-25,81.15394286441533,87.32656520301371,116,716.0241912774129,0.07606065855495214,2,signal,-0.3975048049236136
BRC,2026-02-23,2026-02-25,90.32495597376987,92.63773898978309,105,242.8422166813874,0.02560513859187319,2,signal,-1.678798309596658
MHK,2026-02-23,2026-03-02,127.53741366577147,121.99788274383545,74,-409.9252882232655,-0.043434555890031534,5,signal,-1.4504496836748473
ESAB,2026-02-24,2026-03-02,122.52395496666617,124.4919009193916,77,151.53183835985806,0.01606172403805295,4,signal,-0.5735273299631984
USPH,2026-02-25,2026-03-02,81.68101079398679,80.79259660471787,117,-103.94446014446298,-0.010876630695837552,3,signal,-0.8151820822259452
RS,2026-02-23,2026-03-03,316.10275891874176,312.9303389330326,30,-95.17259957127465,-0.010036040167952676,6,signal,-0.9608868273539599
WY,2026-02-25,2026-03-03,24.277416343786285,23.596428872221814,396,-269.67103873953056,-0.028050244800401414,4,signal,-1.0196008120304612
LQDA,2026-02-18,2026-03-04,34.544508319854735,31.968,267,-687.9277214012143,-0.07458517851805313,10,signal,-0.5651609720215731
LCII,2026-03-03,2026-03-04,125.73551945892908,132.34425678142648,74,489.0465618648079,0.0525606236880114,1,signal,-0.9651706608551933
BHF,2026-03-02,2026-03-05,59.55949999999999,60.7591796951294,157,188.3497121353165,0.02014254141034444,3,signal,-0.9222373325196287
CMC,2026-02-23,2026-03-09,75.87248932769796,63.37369714748627,125,-1562.3490225264618,-0.1647341782372348,10,time,-0.566218925826206
UFPI,2026-02-23,2026-03-09,108.64331926305604,91.67428075237993,87,-1476.306350428822,-0.1561903541403158,10,time,-1.5713508269932959
HNI,2026-02-25,2026-03-11,45.59952135806096,39.360501099322484,210,-1310.1942543350804,-0.13682205586650442,10,time,-1.4124637714478467
KWR,2026-02-25,2026-03-11,156.6049671375476,127.29104689762929,61,-1788.1491346350165,-0.18718384720308145,10,time,-1.4279007921704903
TXN,2026-03-04,2026-03-11,202.4934285239865,196.37308228216168,45,-275.41558088211684,-0.030224912909209922,5,signal,-0.5855612206552081
MCHP,2026-03-04,2026-03-12,71.7980181410269,63.82908124988047,129,-1027.9928589578901,-0.11099104261476567,6,signal,-0.17418065560140406
ON,2026-03-09,2026-03-12,56.025971221923825,58.18176167678833,156,336.3033109588622,0.03847841291898768,3,signal,-0.07377977817114356
PATK,2026-03-02,2026-03-16,121.08303284461172,113.59735869708223,77,-576.396909359771,-0.061822651544713225,10,time,-0.8296319815921009
WGO,2026-03-02,2026-03-16,37.70742642152185,33.049865930053514,248,-1155.075001884148,-0.1235183870519998,10,time,-0.9961240952372492
TILE,2026-03-05,2026-03-16,28.63189675019254,27.85758430561854,323,-250.10291959740113,-0.027043700643716195,7,signal,-0.48567133889349634
AXTA,2026-03-03,2026-03-17,30.4303996181488,28.121849618911742,306,-706.41629976654,-0.0758632823822738,10,time,-1.2714117421364506
TOL,2026-03-12,2026-03-17,141.03118772119626,142.780042160971,61,106.68012082625864,0.01240048012097894,3,signal,-0.10092906572371874
BDX,2026-03-11,2026-03-18,161.62429674067639,157.6327225075063,53,-211.5534343580152,-0.024696622436504834,5,signal,-0.08186174710361627
VFC,2026-03-11,2026-03-18,16.710082884061368,16.143832575702287,502,-284.25765479625846,-0.03388674444572559,5,signal,-0.1444054682694258
PFG,2026-03-16,2026-03-18,85.5290003304158,85.87943010028924,98,34.342117447597445,0.004097204088901574,2,signal,-0.1401276496822419
AVNT,2026-03-09,2026-03-23,35.16860234730134,32.5546130708515,248,-648.2693405595592,-0.07432735741488516,10,time,-0.03288428911696428
CFR,2026-03-18,2026-03-23,128.60004351342087,133.15054255908805,66,300.3329370140339,0.03538489506959053,3,signal,-0.06988286682810951
NEOG,2026-03-11,2026-03-24,9.539529732704162,8.691299809455872,910,-771.889230155944,-0.08891737297492996,9,signal,-0.14066455573876624
ZWS,2026-03-16,2026-03-24,46.103907331597135,44.758819209823095,182,-244.80603816287532,-0.029175143705275297,6,signal,-0.07822428344238119
GATX,2026-03-17,2026-03-24,167.49046875407447,166.29322340241944,50,-59.86226758275137,-0.007148140193057428,5,signal,-0.12426344383959531
BOH,2026-03-17,2026-03-24,71.93231326522931,70.29749577762078,117,-191.27364605019795,-0.022727164099125008,5,signal,-0.33657969086223716
AGCO,2026-03-18,2026-03-24,115.54938555363002,111.54344001036802,73,-292.4340246581261,-0.03466868754055574,4,signal,-0.15505247710031256
UA,2026-03-23,2026-03-24,5.8158099427223195,5.85414013338089,1402,53.738927303315165,0.006590688319609628,1,signal,-0.2859368322033333
ECL,2026-03-12,2026-03-25,273.30589428416465,266.7539462778787,31,-203.11038819486458,-0.02397294805312067,9,signal,-0.14115568430008807
HXL,2026-03-16,2026-03-25,79.63502440268242,81.39687242253649,105,184.99404208467746,0.022124034406583615,7,signal,-0.09296480006970853
AES,2026-03-24,2026-03-25,13.75740973296504,13.778678139088463,608,12.931190923040617,0.0015459600706999588,1,signal,-0.8869811230319016
VSEC,2026-03-23,2026-03-26,179.59259069698103,174.44301748628067,45,-231.73079448151654,-0.02867363954557023,3,signal,-0.1996481161940835
CAH,2026-03-24,2026-03-26,206.1672673604324,209.05681317598726,40,115.58183262219472,0.014015541130994347,2,signal,-1.2636984826030329
MCD,2026-03-25,2026-03-26,306.1035193761697,306.17176823594014,27,1.8427192138021269,0.00022296006236555144,1,signal,-0.9848584589487217
NOC,2026-03-24,2026-03-27,664.7081136444303,685.4200794222347,12,248.54358933365256,0.031159489936486207,3,signal,-0.5996041926641595
O,2026-03-25,2026-03-30,59.00384237161235,59.62567390695426,140,87.05641494786761,0.010538831207390631,3,signal,-0.865836317636024
WM,2026-03-24,2026-03-31,224.53658855066104,227.83134496784768,37,121.90598743590596,0.014673583661592327,5,signal,-0.823140075834786
EPRT,2026-03-24,2026-03-31,30.425707931471475,30.377389189000993,275,-13.287654179382447,-0.0015880893413987573,5,signal,-0.9076622945959372
ADC,2026-03-25,2026-03-31,73.70103711752492,73.9295170693634,112,25.589754605909775,0.0031000914067755847,4,signal,-1.1755315068982668
TRV,2026-03-26,2026-03-31,288.2554106704082,292.1707539640312,28,109.6296122214435,0.01358289610077712,3,signal,-1.1453579984941342
CME,2026-03-26,2026-03-31,294.9267316989449,295.38600309238524,28,12.859599016330094,0.0015572389481099957,3,signal,-1.2828841816890844
FRPT,2026-03-18,2026-04-01,66.71665152740478,58.381558628082274,127,-1058.556798213958,-0.12493272231893637,10,signal,-0.07269612595897001
SUI,2026-03-26,2026-04-01,124.83472158189342,124.67150279974365,66,-10.772439621884786,-0.0013074790417400006,4,signal,-0.5144309238840066
GOOG,2026-03-31,2026-04-01,277.4702998189203,289.32795152531224,29,343.8718994853665,0.042734850231287425,1,signal,-0.9680914980480537
MCK,2026-03-24,2026-04-02,875.0574635679171,869.4113698852522,9,-50.81484314398472,-0.0064522547578119704,7,signal,-0.8265267916152652
MU,2026-03-27,2026-04-02,360.0131988864609,340.94620354284086,23,-438.5408929032605,-0.05296193418073336,4,signal,-0.6778914818749655
HCA,2026-03-30,2026-04-02,473.9298568550839,468.265867555138,17,-96.28781809908048,-0.011951113056120066,3,signal,-0.36685978566274
OHI,2026-03-31,2026-04-02,43.095603427620844,43.28152372892233,189,35.13893694598091,0.004314136165043836,2,signal,-0.32369668730383694
KRMN,2026-03-31,2026-04-02,76.09601663970946,79.96995304870606,107,414.5111957626361,0.050908530828078113,2,signal,-0.947575600231275
SBRA,2026-04-01,2026-04-02,18.694300049884284,18.97711550568272,445,125.8528778303035,0.01512843246571216,1,signal,-2.8725849159808092
MSI,2026-03-31,2026-04-06,428.03693115960954,436.1128047137442,19,153.44159752855853,0.01886723543283053,3,signal,-0.7534370729335222
WU,2026-04-02,2026-04-06,7.874535466515953,8.129795306454735,1073,273.8938082543133,0.03241586008777242,1,signal,-1.3103916576601478
TNDM,2026-03-31,2026-04-07,19.63962084007263,19.17081053352356,416,-195.02508752441315,-0.023870639375710878,4,signal,-0.7641849021595135
CNX,2026-04-01,2026-04-07,37.807770458221434,39.890070304870605,220,458.1059662628177,0.05507597568997524,3,signal,-7.5037039339162845
TALO,2026-04-02,2026-04-07,15.820805305480956,15.984,534,87.14596687316944,0.010315195172935221,2,signal,-4.204916189497084
AM,2026-04-01,2026-04-08,22.06009003912306,21.69311034262894,377,-138.3513455782832,-0.01663545778114639,4,signal,-7.386449036824715
KMI,2026-04-02,2026-04-08,32.918618082462714,31.499507850471424,256,-363.29221938977025,-0.043109653887546284,3,signal,-2.291601876061847
OKE,2026-04-02,2026-04-08,87.43663127732313,83.35978047716412,96,-391.37767681526475,-0.04662634802601717,3,signal,-4.315992502151559
BIIB,2026-04-07,2026-04-09,172.3721969451904,177.63218756103515,48,252.47954956054764,0.03051530762537813,2,signal,-4.491999236061545
KOP,2026-04-07,2026-04-09,35.63836787461952,37.01969628023913,233,321.8495185093697,0.03875958659159995,2,signal,-4.86718408718292
IFF,2026-04-08,2026-04-09,71.8124137763905,72.36454965489489,116,64.04776190650892,0.00768858543348272,1,signal,-5.106519850789866
AMGN,2026-04-08,2026-04-09,341.3677633114397,342.5093281103156,24,27.397555173021374,0.0033440908063553376,1,signal,-5.490240839473529
AESI,2026-04-02,2026-04-10,12.84282992362976,11.408580076217651,658,-943.7363995971671,-0.11167708798924492,5,signal,-3.955568951641567
JNJ,2026-04-08,2026-04-10,234.3662663689742,239.19588775518366,35,169.03674851733086,0.020607152475629498,2,signal,-5.390841473071774
DINO,2026-04-09,2026-04-14,57.36129378659888,57.41430234834573,144,7.633232891546413,0.0009241172617908688,3,signal,-4.208644344961371
TPL,2026-04-10,2026-04-16,386.43506201795475,416.7442536405182,21,636.4930240738324,0.07843281990068274,4,signal,-1.6840906657125885
PSX,2026-04-10,2026-04-16,158.3539672858603,159.72458666149862,51,69.90158815755396,0.008655415453937332,4,signal,-1.7686267202663117
VZ,2026-04-02,2026-04-17,48.29766038364882,45.29179554848733,175,-526.0263461532606,-0.062236241078442056,10,signal,-3.6116366036063994
EQT,2026-04-06,2026-04-17,59.25618750338685,56.36710268403699,140,-404.4718747089796,-0.048755833628087,9,signal,-2.605102237795805
AR,2026-04-06,2026-04-17,40.680639389038085,36.01394923782349,204,-952.0047908477775,-0.11471526065718851,9,signal,-4.308871987190017
T,2026-04-09,2026-04-17,26.618490733984565,25.778676764039314,311,-261.18214465297297,-0.03155002206316071,6,signal,-1.2800806321066602
OXY,2026-04-09,2026-04-17,59.60997110640111,53.116140812496255,139,-902.6424108527751,-0.10893865864007324,6,signal,-3.5998286671074027
PRDO,2026-04-14,2026-04-17,34.43662450221838,35.307635657371556,235,204.68762146099652,0.025293162954954207,3,signal,-1.5576383572117294
MRK,2026-04-17,2026-04-20,114.17569367350202,117.48749015889979,71,235.13755046324124,0.029006142891220055,1,signal,-1.6328375039034455
LLY,2026-04-17,2026-04-20,915.826648448495,923.0591765054912,8,57.86022445596973,0.007897267533379715,1,signal,-3.4220578796243473
GPOR,2026-04-07,2026-04-21,207.4071969451904,190.1596560974121,40,-689.9016339111324,-0.08315787061302482,10,time,-3.4880863543481695
ADM,2026-04-16,2026-04-21,66.37549360993417,67.7320332049822,120,162.78475140576404,0.020437356037153576,3,signal,-1.124652618434439
BTU,2026-04-09,2026-04-22,30.131958091164556,27.03380103056837,275,-851.9931916639513,-0.10281963924225168,9,signal,-3.9380281431922697
DVN,2026-04-16,2026-04-22,44.685948888846475,45.33584215944901,179,116.33089543785339,0.014543571005263933,4,signal,-0.7839750087617006
AM,2026-04-17,2026-04-23,20.471761170478743,20.978813518383816,397,201.29978211831417,0.024768379412137165,4,signal,-3.5642560723725865
AA,2026-04-20,2026-04-23,66.04215812397949,67.43327737116265,120,166.93430966197866,0.021064109452202384,3,signal,-1.252446831361354
NFG,2026-04-17,2026-04-24,87.32669556000334,86.31898146185344,93,-93.71741112794109,-0.011539588114352628,5,signal,-1.1474775162157016
HSY,2026-04-17,2026-04-24,187.4341055039229,188.49573156053287,43,45.64992043422919,0.005663996174846364,5,signal,-2.576089352257611
FE,2026-04-21,2026-04-24,48.56224318003901,48.553329948405754,163,-1.4528567562210668,-0.00018354241998697063,3,signal,-1.356039076457364
PPL,2026-04-22,2026-04-24,37.93560323475629,37.87946519855205,209,-11.732849566687335,-0.001479824529396545,2,signal,-0.8883827527091626
OGE,2026-04-23,2026-04-24,46.14637364262425,47.04458546307106,170,152.69600947595785,0.019464407483086754,1,signal,-0.8479656707626617
CTVA,2026-04-17,2026-05-01,79.84552420942745,81.038622790329,101,120.50295667105637,0.014942585607831349,10,signal,-2.4014927913650297
LMT,2026-04-20,2026-05-01,586.7000930557035,510.9066547592554,13,-985.3146978538257,-0.12918600012775527,9,signal,-2.2108228673947963
NOC,2026-04-21,2026-05-01,634.9450548210812,573.0316013400952,12,-742.9614417718312,-0.09750993886932835,8,signal,-1.877190542797095
HII,2026-04-22,2026-05-01,379.85320371956124,361.62911269650135,20,-364.4818204611977,-0.04797666794595312,7,signal,-0.890304369437473
RTX,2026-04-24,2026-05-01,176.63280763048743,174.74295935380636,44,-83.15332417396746,-0.0106993049707651,5,signal,-0.6936964997691462
MRCY,2026-04-24,2026-05-01,78.30823336029052,79.65027335357667,101,135.54603932190116,0.017137916866436287,5,signal,-1.311433842433658
HON,2026-04-24,2026-05-01,221.52563877694882,223.3893507085909,35,65.22991760747303,0.008413075533521663,5,signal,-2.8279018373668805
ILMN,2026-04-24,2026-05-01,124.77465152740477,133.08678121948242,63,523.6641706008918,0.06661713409195147,5,signal,-3.209710553825758
SUPN,2026-05-01,2026-05-05,48.06802045822143,49.0209296951294,162,154.3712963790901,0.019824183060257017,2,signal,-2.7537910887259187
RL,2026-05-01,2026-05-06,360.45990073084283,366.1974232536875,21,120.48797297973749,0.015917228272025907,3,signal,-0.8691861664877365
HTO,2026-05-01,2026-05-06,56.02902925807628,57.00983097695089,139,136.3314389235707,0.01750524204795556,3,signal,-2.39294046354388
BXMT,2026-05-01,2026-05-06,18.50585916335506,18.847982039642865,421,144.03373091716657,0.018487273315322295,3,signal,-2.558306416221754
LHX,2026-04-23,2026-05-07,330.51402582380405,300.0875128627198,23,-699.809798104938,-0.09205815966583075,10,time,-0.3942611638157558
PH,2026-05-01,2026-05-07,901.4870476838963,899.7058207071834,8,-14.249815813703208,-0.0019758763936644774,4,signal,-1.4856875785564654
WH,2026-05-01,2026-05-07,80.80364181773194,82.88362423607049,96,199.67831216050035,0.025741196455357107,4,signal,-2.049629755131548
JLL,2026-05-01,2026-05-07,322.1718561096191,327.0426251220703,24,116.89845629882893,0.015118542852464278,4,signal,-2.6623196138508547
BBT,2026-05-01,2026-05-07,27.736256966506925,28.394616974476207,281,184.9991622393683,0.023736440312198237,4,signal,-2.869156296280835
UNF,2026-05-05,2026-05-07,250.6002330227954,255.72882522119778,30,153.8577659520712,0.02046523315856552,2,signal,-0.38535800112985896
JXN,2026-05-06,2026-05-07,103.53222380462853,113.46206996268752,74,734.8086156963655,0.09591068165209315,1,signal,-2.2687570242785426
KRMN,2026-04-24,2026-05-08,75.47540152740477,61.338601524353024,105,-1484.3640003204334,-0.1873034090175557,10,time,-1.699030576303329
GNL,2026-05-07,2026-05-11,8.859478776708213,9.076514753832656,890,193.16201964075407,0.024497601111143963,2,signal,-2.290466067193506
NWN,2026-05-07,2026-05-13,48.47646557542039,49.32919843102279,162,138.14272260758838,0.017590656527458837,4,signal,-0.6592396901203159
ANET,2026-05-07,2026-05-13,149.36922122192382,144.65520304870606,52,-245.12894500732386,-0.03155950158040899,4,signal,-1.5410637315881672
SR,2026-05-07,2026-05-13,84.43640013675984,84.15025026378484,93,-26.611938186675232,-0.003388939752423492,4,signal,-2.4846879035358
ANDE,2026-05-07,2026-05-14,69.06665569552783,71.33917886883468,114,259.06764175698106,0.032903333025490644,5,signal,-2.2079314227662223
VTOL,2026-05-07,2026-05-15,42.323562373662526,41.99461151936981,186,-61.18485889844476,-0.007772286543096252,6,signal,-1.1176468679103948
GMED,2026-05-11,2026-05-15,79.05898336029051,76.8530703048706,99,-218.3853924865714,-0.027902117655207448,4,signal,-0.7742973064508334
BHF,2026-05-13,2026-05-15,61.01095076370238,61.91801954269409,128,116.10480371093854,0.01486731099314964,2,signal,-1.855809469438384
LMAT,2026-05-13,2026-05-19,96.95722708507999,99.88331017863106,80,234.0866474840857,0.030179112805932773,4,signal,-0.6283471745645528
DMC,2026-05-06,2026-05-20,37.62491922737681,32.001427040235015,205,-1152.8158983640674,-0.14946190723115238,10,time,-1.746832106814452
AHCO,2026-05-06,2026-05-20,11.721710038185119,10.339650381088257,661,-913.5414333410259,-0.11790597554406379,10,time,-2.4323140170213975
TPL,2026-05-08,2026-05-20,394.7373177181101,391.77764595789733,19,-56.23376344404238,-0.00749782609184757,8,signal,-0.9957907879850865
SBAC,2026-05-14,2026-05-20,206.51739621979343,203.10674430660336,37,-126.19412078803242,-0.016515082872535114,4,signal,-0.6920739887696499
WLK,2026-05-07,2026-05-21,97.77150190943816,87.4980543570183,80,-821.8758041935882,-0.10507609427883946,10,time,-2.731383225450017
DBD,2026-05-15,2026-05-21,70.60052877807617,70.38953908538818,109,-22.997876502990735,-0.0029885001761277286,4,signal,-1.5644962611803663
GBX,2026-05-15,2026-05-21,48.016414155067295,47.35507592261774,160,-105.81411719192829,-0.013773169947963737,4,signal,-1.5763245455554937
DLR,2026-05-20,2026-05-21,185.43144281345533,187.4757328419466,40,81.77160113965101,0.011024505863052703,1,signal,-0.7091571044997664
TTC,2026-05-15,2026-05-22,90.05329139790582,89.80374080633955,85,-21.21180028313347,-0.002771143482847571,5,signal,-1.2097882235833737
ENTG,2026-05-19,2026-05-22,123.05880241354915,131.956028725114,62,551.6280313170216,0.07230060862826382,3,signal,-0.655658956485027
NLY,2026-05-20,2026-05-22,20.64023019463322,20.946981329139437,367,112.57766636378199,0.014861807819661621,2,signal,-0.4831260572618419
EMN,2026-05-20,2026-05-22,66.83542439158141,71.98888543297407,113,582.3410976773706,0.07710673027523685,2,signal,-0.48847189044076345
ARR,2026-05-20,2026-05-22,15.59046343191591,15.804342489936174,487,104.15910125586795,0.013718582449731453,2,signal,-0.7913285400749288
HUBB,2026-05-13,2026-05-26,487.3306058841111,475.4346938112118,16,-190.3345931663889,-0.0244103529088181,8,signal,-1.6583398836173586
VIAV,2026-05-21,2026-05-26,47.98793862533569,50.949,160,473.7698199462898,0.06170428360723523,2,signal,-1.792560015617667
WSO,2026-05-21,2026-05-27,382.0511876543232,381.1788871026375,20,-17.446011033714512,-0.002283203350423757,3,signal,-0.9797540252829577
GVA,2026-05-21,2026-05-27,129.78352869102622,135.64308371543618,59,345.7137464401875,0.04514868014075746,3,signal,-1.8249603488532387
DAR,2026-05-22,2026-05-27,58.04799168014526,59.030910152435304,132,129.74523834228594,0.01693285924009391,2,signal,-0.9292715821620021
ADI,2026-05-22,2026-05-27,387.285121079922,430.5717030134131,19,822.445056736331,0.1117692872186491,2,signal,-1.5817131474246082
EME,2026-05-22,2026-05-27,852.0414973764977,863.8386253001725,9,106.17415131307314,0.013845719909181708,2,signal,-1.6805405679851333
GOOG,2026-05-26,2026-05-27,380.8993017662822,381.904321438523,20,20.100393444816973,0.0026385442755616495,1,signal,-2.0242833081499896
CE,2026-05-22,2026-05-28,53.36726335294189,52.821377160311954,144,-78.60761173871083,-0.010228858636047056,3,signal,-1.547711736354998
ACHC,2026-05-22,2026-05-28,23.09306969451904,24.00597068595886,333,303.99603014945995,0.03953138337674056,3,signal,-1.5601180413503357
CVS,2026-05-27,2026-05-29,90.52057535304726,92.00770841365792,87,129.3805762731274,0.01642867441805973,2,signal,-1.2112738181282339
DOW,2026-05-21,2026-06-02,35.832169539107355,34.12443818805134,214,-365.45450912598653,-0.04765916697263306,7,signal,-1.28540128343532
VNOM,2026-05-27,2026-06-02,44.34018881441579,44.684185922997685,177,60.88748821899548,0.007758133597979944,4,signal,-1.6220463628180823
VIRT,2026-05-28,2026-06-02,48.933557940315545,51.75805932544038,160,451.9202216199733,0.0577211530085322,3,signal,-0.7422785730014425
LYB,2026-05-27,2026-06-03,66.43969928430546,66.76326612603341,118,38.18088732389842,0.004870082875350734,5,signal,-2.035087048143893
NE,2026-05-27,2026-06-03,48.01867916189997,46.08406508388227,164,-317.276708794902,-0.040288781611317215,5,signal,-2.405316563236042
MUSA,2026-05-27,2026-06-03,529.3647895645814,526.1717123168198,14,-44.7030814686625,-0.006031903350406043,5,signal,-2.5184402047888312
HAL,2026-05-28,2026-06-03,39.269496504703504,39.894727213006746,200,125.0461416606484,0.015921536152834426,4,signal,-1.5011180350297622
CASY,2026-05-27,2026-06-04,809.612315088195,774.6231673399682,9,-314.9023297340417,-0.04321716344496973,6,signal,-1.5164652095733402
RNR,2026-06-02,2026-06-04,277.01503798947414,281.90194839805014,28,136.833491440128,0.01764131811776104,2,signal,-0.5069241623306624
INDV,2026-06-03,2026-06-04,33.67363938903808,35.76419923782348,231,482.9193250694282,0.06208297905173721,1,signal,-0.6512631291719799
SPNT,2026-05-29,2026-06-05,21.50147954177856,21.198779314041136,365,-110.48558312416017,-0.014078111562009554,5,signal,-0.6678800775256661
TRV,2026-06-02,2026-06-05,286.3082769023235,293.182017771595,27,185.59100347033052,0.02400818077507605,3,signal,-0.48530439568199313
BGC,2026-06-03,2026-06-05,10.241712605042768,10.580239608936981,761,257.61904996349676,0.033053749597262705,2,signal,-0.7887640310670605
WELL,2026-06-03,2026-06-05,194.78002589056854,199.9243897785585,40,205.77455551959815,0.026411146956516696,2,signal,-0.9576576402176045
VTR,2026-06-03,2026-06-08,80.10131718653625,81.22248656352951,97,108.75342956834672,0.01399689064266374,3,signal,-0.3088130088045915
GLPI,2026-06-04,2026-06-08,44.84338161954071,45.22528408759856,175,66.83293191012413,0.008516361930462457,2,signal,-0.8845907529874069
SIGI,2026-06-04,2026-06-08,86.40121769528108,87.32247809092117,91,83.83469600324817,0.010662585785413237,2,signal,-0.9757409826918888
SBUX,2026-05-26,2026-06-09,102.59373465132151,94.51192977515063,75,-606.1353657128159,-0.07877483847954236,10,time,-3.2401397901352738
AAL,2026-06-05,2026-06-09,13.233220267295836,13.926059580802917,598,414.3179094772344,0.052356062962190864,2,signal,-1.9720956632723556
CALY,2026-06-08,2026-06-09,14.914899618148802,15.774209961891174,538,462.3089649333962,0.05761422240460434,1,signal,-1.1614440620195268
CBOE,2026-06-02,2026-06-10,297.15222754141143,289.21628115724496,26,-206.33460598832824,-0.02670666967509272,6,signal,-0.4601484534684346
OHI,2026-06-04,2026-06-10,44.07461693979739,45.33680123414521,178,224.66880439391298,0.028637442182920747,4,signal,-0.5532540394065819
CTRE,2026-06-05,2026-06-10,36.77921541927527,37.63574603941395,215,184.15408332981718,0.023288441865178866,3,signal,-0.5474963048061596
VZ,2026-06-05,2026-06-10,44.526198613903915,45.635585563712375,177,196.36149011609743,0.02491537531483856,3,signal,-1.541541942725587
SIRI,2026-06-05,2026-06-10,27.28892818797316,26.947309177528517,290,-99.06951302894623,-0.012518593918071197,3,signal,-2.1802712542044276
LYB,2026-06-10,2026-06-11,63.409416452159476,65.65582848570084,127,285.2943282597529,0.03542710466727317,1,signal,-1.8477796453217223
ALB,2026-06-08,2026-06-12,157.2455228308547,160.87644105907685,51,185.17682963933,0.023090757452775668,4,signal,-0.9383020298161142
HON,2026-06-09,2026-06-12,222.8058946117851,231.89779121243453,35,318.2163810227297,0.040806355758634894,3,signal,-1.432299356197305
HASI,2026-06-10,2026-06-12,36.332531347379714,37.22818515583967,222,198.83514547810987,0.024651566385410995,2,signal,-1.7514706377574356
CRSR,2026-06-10,2026-06-12,8.268260229110718,8.866125,976,583.5160163879398,0.07230841244985653,2,signal,-1.875400729541255
VRT,2026-06-10,2026-06-12,284.67545668743026,303.0391850763408,28,514.1843948894953,0.0645075926200187,2,signal,-2.7595300092813346
CTVA,2026-06-09,2026-06-15,75.1750320760128,75.69273023793983,106,54.87600516426511,0.006886570549162752,4,signal,-2.4296922181596727
OLN,2026-06-09,2026-06-15,24.28412361248319,24.818284035478857,328,175.20461874257933,0.0219962816661452,4,signal,-2.4847879946074016
GEV,2026-06-11,2026-06-15,888.5041098825468,968.5351273183985,9,720.2791569226654,0.09007388547300166,2,signal,-0.9637809414798824
LUMN,2026-06-08,2026-06-16,9.079069694519042,8.571419923782349,884,-448.76239733123657,-0.05591429384479307,6,signal,-1.4472017430606883
AAPL,2026-06-10,2026-06-16,290.7799522919719,294.70059940091255,27,105.8574719413981,0.013483209822539477,4,signal,-2.6375456637080674
TDC,2026-06-12,2026-06-16,32.46243030548095,33.47648832321167,255,258.58479452133327,0.03123789587495862,2,signal,-2.4225272524651444
YOU,2026-06-12,2026-06-16,50.873614275348714,51.289645132619796,162,67.39699887791525,0.008177733451752767,2,signal,-3.269477447221192
STAA,2026-06-15,2026-06-17,28.568540916442867,28.80116992378235,295,68.62555716514748,0.00814283823664197,2,signal,-3.218311262965102
VCTR,2026-06-15,2026-06-17,85.13318484845152,86.47478009277988,99,132.81792918850766,0.015758781334406446,2,signal,-9.767685711315721
DAN,2026-06-12,2026-06-23,29.559250639842887,28.853693660581293,280,-197.55595419324635,-0.023869244449335802,6,signal,-2.952593633483474
SAIC,2026-06-16,2026-06-24,109.04434794763021,105.00275871311158,77,-311.20237105793524,-0.037063720500760455,5,signal,-5.251051429233343
KFY,2026-06-16,2026-06-24,71.10587670680292,72.72799510173898,118,191.40997060245584,0.022812719145910876,5,signal,-5.652137797691779
XOM,2026-06-16,2026-06-24,139.42737579891914,136.10160460634933,60,-199.54627155418905,-0.023853071704987183,5,signal,-6.304279466617615
RNG,2026-06-12,2026-06-25,37.81081407207203,34.943757402868954,219,-627.8854105554731,-0.07582636712709001,8,signal,-1.3296855269780536
FIVN,2026-06-12,2026-06-25,20.75072954177856,19.430550762176512,399,-526.7513330612176,-0.06362083689366493,8,signal,-2.2283162583513985
TWLO,2026-06-17,2026-06-25,192.50230755615232,185.71409390258788,44,-298.6814007568354,-0.0352630248423611,5,signal,-1.764851737779793
ULS,2026-06-23,2026-06-25,89.43494925113512,92.64623703439715,90,289.0159004935821,0.03590640806699241,2,signal,-0.7466746665597839
WHD,2026-06-24,2026-06-26,51.72015357971738,52.60369637613362,157,138.7162190373491,0.01708314332544303,2,signal,-0.6603905166982713
BG,2026-06-25,2026-06-26,108.26619049486783,111.3159879471171,74,225.68501146644564,0.028169435336268034,1,signal,-0.5807499094730986
DAR,2026-06-15,2026-06-30,56.44638938903808,53.32662106704712,149,-464.8454799766531,-0.05526958155798045,10,signal,-7.424400045141667
MUSA,2026-06-26,2026-06-30,525.4554085742633,535.1025438917782,15,144.7070297627232,0.018359569927524078,2,signal,-0.7678619634847905
HAL,2026-06-16,2026-07-01,37.75267855379201,33.6301015353976,224,-923.4572521203477,-0.10919958997135382,10,time,-4.233302920020179
AKAM,2026-06-25,2026-07-01,121.69156969451903,117.14274213409423,66,-300.22261898803663,-0.0373799727610028,4,signal,-1.107440990597425
CASY,2026-06-26,2026-07-01,786.9766778328255,792.20240915798,10,52.2573132515447,0.006640261995495278,3,signal,-0.6107104658875926
PTEN,2026-06-17,2026-07-02,10.29824639117537,8.602717827385225,822,-1393.724479435499,-0.16464245458751636,10,time,-4.149402989285264
IBKR,2026-07-01,2026-07-02,88.03832759768065,93.07248656034523,89,448.0401476771474,0.05718144699056271,1,signal,-1.1276338048423327
HLT,2026-07-01,2026-07-06,329.9595400979101,337.0490236184638,23,163.05812097273508,0.02148591769296937,2,signal,-0.821059100264165
MAR,2026-07-02,2026-07-06,369.49901312607653,372.1006189780968,21,54.63372289242568,0.0070409006779472705,1,signal,-0.8716333354450967
GM,2026-07-02,2026-07-07,76.80804887710772,77.48204776025088,101,68.07388719745876,0.008775107465905707,2,signal,-0.5258084634473761
DOW,2026-06-24,2026-07-08,29.68550730573624,29.11267434583641,273,-156.3833980526538,-0.019296721258630467,9,signal,-0.63043123996421
SLB,2026-06-25,2026-07-08,46.38589969576782,46.4224194748846,173,6.31792178720297,0.0007873034554961578,8,signal,-0.24162872950832082
LYB,2026-06-25,2026-07-08,54.542005871706934,55.48115073170052,147,138.05429441905667,0.017218744433467048,8,signal,-0.4385917918670401
CHRD,2026-07-01,2026-07-08,113.40815931467179,118.82578872592481,69,373.8164293764582,0.04777107259294122,4,signal,-0.7475270792574662
EQIX,2026-07-07,2026-07-08,990.9000139856511,1001.9747366751925,7,77.52305882679002,0.011176428028289331,1,signal,-0.7811311702463541
AA,2026-06-24,2026-07-09,53.67955643519176,48.208094603044856,151,-826.1907366541831,-0.10192822361996778,10,time,-0.5985843195655747
INVX,2026-06-30,2026-07-09,24.71469053459167,25.124849618911743,324,132.89154331970303,0.016595760474766852,6,signal,-0.38100880635013823
COCO,2026-06-30,2026-07-09,72.22215152740478,69.39053908538818,110,-311.4773686218251,-0.039206979882649096,6,signal,-0.4082050192265001
SNX,2026-07-08,2026-07-09,235.44080455726916,249.29773205266392,33,457.278607348027,0.05885525035242645,1,signal,-1.14641242441715
TTMI,2026-07-06,2026-07-10,157.04688938903806,147.852,49,-450.5495800628646,-0.05854868838732863,4,signal,-0.46028643549949777
IRM,2026-07-08,2026-07-10,114.4062380690108,118.6285784005932,68,287.1191425476033,0.036906556870049734,2,signal,-1.063186439096242
MBIN,2026-07-08,2026-07-10,47.07947245134221,47.463934499651316,167,64.20516206762028,0.008166235267535127,2,signal,-1.0940796315298655
QRVO,2026-07-06,2026-07-13,88.04795908355712,85.04486725616455,88,-264.27208081054584,-0.03410745528516623,5,signal,-0.4583259001376234
WSC,2026-07-08,2026-07-13,25.54451958804976,26.080797928371297,307,164.637450478712,0.02099387066071179,3,signal,-1.022500758252832
SW,2026-07-09,2026-07-13,42.55485363099908,43.78649068101329,187,230.31612835265804,0.028942340178019776,2,signal,-0.30129054147599277
CARR,2026-07-09,2026-07-13,67.55480397710417,68.75368694588236,117,140.2693073470486,0.01774682033248909,2,signal,-0.7342544814453902
LII,2026-07-10,2026-07-13,541.0905377807617,550.3890624389649,14,130.1793452148445,0.017184785186487028,1,signal,-1.4523370361462469
SSD,2026-07-08,2026-07-15,190.12994244384763,189.18062512207032,41,-38.92201019286932,-0.004992992211406477,5,signal,-0.9050557791433391
CVCO,2026-07-09,2026-07-15,560.56,563.6557507324219,14,43.34051025390727,0.005522603704192219,4,signal,-0.48898264847333905
TOL,2026-07-09,2026-07-15,147.23869899521085,152.39745304870604,54,278.5727188887401,0.03503667234700969,4,signal,-0.6010085799972131
MCRI,2026-07-10,2026-07-15,124.68355928711563,125.48077199197405,65,51.81882581579757,0.006393887930506104,3,signal,-1.0608648923018933
PKG,2026-07-10,2026-07-16,224.4132009169915,227.4686137024957,36,109.99486027815078,0.013615120558947647,4,signal,-1.3393724005519516
UFPT,2026-07-13,2026-07-16,236.37613938903806,247.17257817077638,34,367.0789185791028,0.045674824919486046,3,signal,-1.24810429102655
KALU,2026-07-13,2026-07-16,158.28107373154842,159.62604540301325,51,68.5935552447065,0.00849736256999356,3,signal,-3.0433670117851506
MD,2026-07-15,2026-07-16,24.104079923629758,25.24473045730591,336,383.2585793151868,0.04732188647275204,1,signal,-1.5431261912299021
DGX,2026-07-13,2026-07-17,207.68747572326657,210.73904695129394,39,119.01127789306744,0.014693092192489488,4,signal,-4.641446137243932
NEU,2026-07-13,2026-07-17,762.0685649640156,768.1722940170894,10,61.03729053073721,0.00800942242429592,4,signal,-4.954879748790049
IFF,2026-07-15,2026-07-17,74.9348606109619,77.64228121948243,108,292.40142572021637,0.036130321541219645,2,signal,-1.5722067211613364
CACC,2026-07-15,2026-07-17,624.7541348876953,628.8305619506835,12,48.91712475585928,0.006524850073575061,2,signal,-1.7717764893676957
LH,2026-07-16,2026-07-17,268.4332153416465,281.57382956332594,30,394.2184266503841,0.048953011291672066,1,signal,-0.5675784546592268
HMN,2026-07-16,2026-07-17,50.60029823241981,51.867795761803436,163,206.60209728953095,0.025049210650136766,1,signal,-0.7623561705766093
ARWR,2026-07-13,2026-07-20,74.89481969451903,74.27564847564697,109,-67.48966285705393,-0.008267210220914256,5,signal,-3.698873420113742
KRYS,2026-07-15,2026-07-20,333.2229046630859,355.2444060974121,24,528.5160344238284,0.0660863978020707,3,signal,-1.6872238025979271
GD,2026-07-16,2026-07-21,367.11674999999997,368.5710624389648,22,31.994873657226663,0.0039614439792377,3,signal,-2.7593500666761344
HLIT,2026-07-17,2026-07-22,11.901890343666075,12.247740228652955,704,243.47831903076326,0.029058399548348435,3,signal,-1.489354458332727
VSH,2026-07-17,2026-07-22,35.02422704232317,38.14096014175186,239,744.8992107634576,0.08898791958099306,3,signal,-1.896699123597969
QCOM,2026-07-17,2026-07-22,165.90370513243204,169.61615425321733,50,185.6224560392647,0.022377132070810823,3,signal,-2.3986265254868044
SXT,2026-07-17,2026-07-23,109.83474704753988,110.52137379678783,76,52.183632942844156,0.006251452911807176,4,signal,-0.8445249857739867
ARMK,2026-07-22,2026-07-23,55.9148455344461,56.211906442437154,153,45.450318922631126,0.005312737702334314,1,signal,-1.7034832167100404
UTI,2026-07-16,2026-07-24,40.15011061096191,38.70126167678833,205,-297.0140315055845,-0.036085801810419316,6,signal,-0.6570577546885943
LAUR,2026-07-17,2026-07-24,36.62659015274048,37.0529101524353,229,97.62727993011514,0.01163963115094746,5,signal,-2.276426177387137
PENG,2026-07-21,2026-07-24,56.056,57.08285939025879,150,154.02890853881885,0.018318456369680103,3,signal,-1.027591653099151
ENVA,2026-07-24,2026-07-27,231.51127877807613,239.5202345123291,36,288.3224064331067,0.034594235652468,1,signal,-1.0701467599650698
CART,2026-07-17,2026-07-28,45.87583183288574,44.4555,182,-258.50039358520405,-0.03096035049696,7,signal,-2.325557771686718
CDNS,2026-07-20,2026-07-28,333.3530090026855,334.82484365844726,25,36.7958663940442,0.0044152433486805975,6,signal,-0.540246950043823
AAL,2026-07-20,2026-07-28,15.205189579963683,14.935049809455872,560,-151.27827148437405,-0.017766287561700733,6,signal,-1.0908808383837822
VMI,2026-07-22,2026-07-28,500.1997122192382,487.55196853637693,17,-215.01164260864192,-0.025285387763913314,4,signal,-0.7778878148394597
TWLO,2026-07-22,2026-07-28,194.9347454986572,193.12668731689453,44,-79.5545599975577,-0.009275197077552977,4,signal,-0.9185225688214871
ABNB,2026-07-23,2026-07-28,137.7175818328857,148.68117182922364,61,668.7789897766138,0.07960922527409586,3,signal,-1.4980981014640946
OMCL,2026-07-23,2026-07-28,40.210168167114254,41.8680898475647,209,346.5056312141425,0.04123140379717105,3,signal,-1.806839630251531
FTDR,2026-07-24,2026-07-28,70.87080305480956,72.95696878051758,117,244.0813899078393,0.029436180144517987,2,signal,-1.5976623778024646
GL,2026-07-24,2026-07-29,171.33116366577147,177.66215634155273,48,303.8876484375005,0.03695178705569058,3,signal,-1.3136746488272308
ABCB,2026-07-28,2026-07-30,86.03594694519042,88.51139847564697,100,247.5451530456553,0.028772293655738412,2,signal,-0.8330693861006182
MRNA,2026-07-27,2026-07-31,54.80474999999999,57.792148475646975,154,460.0593652496355,0.05450984587370589,4,signal,-0.747013847432271
CRWD,2026-07-28,2026-07-31,181.51133183288573,187.03278121948242,47,259.5081211700442,0.0304193095320362,3,signal,-0.8543462004347617
PANW,2026-07-28,2026-07-31,317.8275197753906,332.0076563415527,27,382.86368728637683,0.04461582362717742,3,signal,-1.1361566875438882
SCHL,2026-07-28,2026-07-31,40.54889500860336,41.27187578022129,213,153.99490435461988,0.017829851379785655,3,signal,-1.327479550347931
COLB,2026-07-28,2026-07-31,30.55799466082193,31.08911369716013,283,150.3066872837107,0.017380690134720878,3,signal,-1.387655146566658
GBCI,2026-07-28,2026-08-03,49.33929091644286,49.43051954269409,175,15.965009593965185,0.0018490056212143724,4,signal,-1.0185546627260464
CACC,2026-07-28,2026-08-03,553.2827104492187,568.431,15,227.22434326171992,0.027378931719160615,4,signal,-1.0230172061345826
GOLF,2026-07-28,2026-08-04,103.80740827395921,102.76331097473319,83,-86.66007583576001,-0.01005802299264169,5,signal,-1.3160885858186049
ATEN,2026-07-29,2026-08-04,31.15282425841983,31.31984582545795,280,46.766038770673504,0.005361361963609923,4,signal,-0.7390037979683228
LSTR,2026-07-30,2026-08-05,178.39179421266496,181.3943571101079,48,144.12301907726123,0.01683128369606246,4,signal,-0.40234518809538145
UNIT,2026-07-31,2026-08-05,9.2091998090744,10.039950190544129,945,785.0591104888937,0.09020874763202968,3,signal,-0.167703861694406
RXO,2026-07-31,2026-08-05,21.071049236297604,21.508470685958862,413,180.65505871009958,0.02075935776884541,3,signal,-0.25050275150989876
MRTN,2026-07-31,2026-08-05,14.850657151218847,14.930403088110344,586,46.73111901841712,0.005369859130102572,3,signal,-0.4149903642639572
JBHT,2026-07-31,2026-08-05,270.6443291064213,273.93331499417445,32,105.24754840810056,0.012152428608470434,3,signal,-0.44420615769190874
HUBG,2026-07-31,2026-08-05,45.75570908355712,47.6323203048706,190,356.55613204956154,0.04101370646199576,3,signal,-0.48226916528788877
WELL,2026-08-05,2026-08-06,231.6577728805826,237.77347469058768,39,238.51237059019803,0.02639972634614618,1,signal,-1.4148084163016392
LTC,2026-08-04,2026-08-07,38.81712272885957,38.74951348706422,226,-15.279688645749701,-0.0017417375900735665,3,signal,-0.5004946388674938
TGTX,2026-08-04,2026-08-07,46.206159847259514,49.910039085388185,190,703.7370552444476,0.08015985856371377,3,signal,-0.6259669477211816
VSTS,2026-08-03,2026-08-10,14.524510229110716,14.01596973323822,606,-308.175540498732,-0.035012574458672896,5,signal,-0.45840613467586877
NHC,2026-08-05,2026-08-11,208.20799999999997,220.04973426818847,43,509.19457353210566,0.0568745402106956,4,signal,-1.3903031097560614
BNL,2026-08-03,2026-08-13,21.411389389038085,21.03893946647644,411,-153.0769181728366,-0.017394944148385272,8,signal,-0.8390949054853962
UE,2026-08-05,2026-08-13,22.0647989012539,21.70429477340398,410,-147.8066924184678,-0.01633842798492191,6,signal,-0.9277729545547686
GTY,2026-08-05,2026-08-13,33.40336893081665,33.53642969512939,271,36.05946712875391,0.0039834534231661944,6,signal,-0.9455457511027987
BGC,2026-08-10,2026-08-13,10.301664731054053,10.829538910139101,878,463.473529236672,0.05124163840178064,3,signal,-0.23976419257708415
RHP,2026-08-11,2026-08-13,119.02891366577147,123.93593756103516,75,368.02679214477683,0.04122547828204515,2,signal,-0.3262244971184174
WPC,2026-08-05,2026-08-14,72.64256969451904,71.4285,124,-150.54464212036095,-0.01671292328485241,7,signal,-1.0299374987523606
KIM,2026-08-05,2026-08-14,24.79142152654542,24.05077495252918,365,-270.3359995159272,-0.029875115197536828,7,signal,-1.4035527935399017
FRT,2026-08-07,2026-08-14,118.11799999999998,118.78110152435303,76,50.395715850832005,0.005613890553116896,5,signal,-0.14075862359324276
REG,2026-08-07,2026-08-14,76.23492392057558,76.03314838577504,118,-23.809513106464493,-0.002646759836879564,5,signal,-0.24415618773609538
WWW,2026-08-13,2026-08-14,19.63962084007263,20.579400381088256,461,433.2383684082031,0.047851205920335316,1,signal,-1.143963582378774
SIRI,2026-08-14,2026-08-17,28.128100381851194,28.39158007621765,324,85.36742097473179,0.009367134317270098,1,signal,-1.2061727884163531
DVA,2026-08-06,2026-08-20,186.19600450134274,176.51331243896485,48,-464.769218994139,-0.05200268442015932,10,time,-0.6060486887361805
GIII,2026-08-13,2026-08-20,33.702253095107075,33.405971968866346,269,-79.69962295875598,-0.008791137061508247,5,signal,-0.1709687415644936
SKT,2026-08-13,2026-08-20,38.82879091644287,38.43153121948242,233,-92.56150939178409,-0.01023106018972686,5,signal,-0.25509740766676714
LQDA,2026-08-14,2026-08-20,72.05198336029052,73.47645304870605,126,179.48318074035646,0.019770027443832827,4,signal,-1.6967217037312992
YETI,2026-08-14,2026-08-20,45.55550831985473,43.47648045730591,200,-415.805572509764,-0.04563724430318128,4,signal,-2.2011163898106787
PGNY,2026-08-13,2026-08-21,25.76573977088928,26.05391992378235,351,101.15123366546737,0.011184625609650167,6,signal,-0.1873843172673304
DE,2026-08-20,2026-08-21,611.7311151123046,622.6367497558593,14,152.67888500976687,0.017827497039369478,1,signal,-1.3445470372908659
YOU,2026-08-13,2026-08-25,46.22516351829976,44.659423412865955,196,-306.88506066502555,-0.03387202956705504,8,signal,-0.9045269953774522
L,2026-08-14,2026-08-25,112.50939144118158,111.49839060974121,81,-81.89106734666997,-0.008985923917017247,7,signal,-1.0528865764808444
ITW,2026-08-20,2026-08-25,282.98271221923824,285.9837190246582,31,93.0312109680197,0.01060491215836179,3,signal,-0.5021725181423164
RJF,2026-08-21,2026-08-25,173.82364389038085,176.26356243896484,51,124.43584597778346,0.014036747210999012,2,signal,-0.5629768504592789
FITB,2026-08-20,2026-08-26,54.98493030548095,55.054890609741214,164,11.47348989868317,0.0012723541499750635,4,signal,-1.3818711988835588
PH,2026-08-21,2026-08-26,1008.9878782262518,1021.9865652645209,8,103.98949630615243,0.0128828971276842,3,signal,-0.6020796278807836
IR,2026-08-17,2026-08-27,82.86277877807616,79.54038274383545,111,-368.78595980071896,-0.0400951559099747,8,signal,-1.271268152870789
WTFC,2026-08-20,2026-08-27,153.27311511230468,151.8779687805176,58,-80.91848724365116,-0.009102355170147458,5,signal,-0.9789299791085142
NOVT,2026-08-25,2026-08-27,142.0218848876953,144.41543756103516,62,148.400265747071,0.016853407312771296,2,signal,-0.9952072611173151
P,2026-08-25,2026-08-27,102.80269694519042,110.54934365844727,86,666.2116173400892,0.07535450862137405,2,signal,-1.0297403666104543
BOH,2026-08-26,2026-08-27,75.80360484588732,75.86994177773467,117,7.761421026139445,0.0008751157940602994,1,signal,-0.4953864436801041
CTS,2026-08-14,2026-08-28,62.542479541778555,57.862078170776364,145,-678.6581987953176,-0.07483555825246213,10,signal,-1.5024383588777113
NVDA,2026-08-25,2026-08-28,211.00492202921444,226.87876566217855,42,666.7014325844926,0.07522973151671941,3,signal,-0.4810384068003941
RNST,2026-08-26,2026-08-28,40.57164652449391,41.17585325668349,219,132.32127434951832,0.014892339452499348,2,signal,-0.46017735836061036
UMBF,2026-08-27,2026-08-28,141.8482133579915,144.10321278151986,63,142.06496368228582,0.0158972705411331,1,signal,-1.0228503668254945
MUSA,2026-08-27,2026-09-02,526.4159046630858,532.5469370727538,17,104.2275509643564,0.011646746147595977,4,signal,-1.2545605431401867
CRI,2026-08-20,2026-09-03,36.22469799947437,32.817148475646974,249,-848.4798314330222,-0.0940670236609521,10,time,-1.2663627875362096
WSBC,2026-08-25,2026-09-03,40.47503764044898,40.27538511844027,220,-43.92355484191668,-0.004932732213426938,7,signal,-1.1367209201989255
INDV,2026-08-27,2026-09-03,35.64561061096191,35.144820304870606,253,-126.69994744109984,-0.014049143709640832,5,signal,-1.4865897873613818
FFIN,2026-08-28,2026-09-03,33.00277203312034,33.10553402307764,274,28.15678524830051,0.0031137381385470952,4,signal,-0.5633016580097774
HQY,2026-08-28,2026-09-03,93.71362274932861,98.74115634155274,96,482.6432248535166,0.05364784163421055,4,signal,-0.8890272733516156
CFR,2026-08-28,2026-09-03,161.3080194298391,162.24759365844727,56,52.616156802057276,0.005824721126260091,4,signal,-1.4317469377546388
VLY,2026-09-02,2026-09-03,13.396164665106294,13.75591289307664,668,240.31181628419137,0.02685456897281968,1,signal,-0.07912686758952248
RRR,2026-08-27,2026-09-04,58.9877451779217,57.00068882682255,153,-304.01962171817087,-0.033685918068332654,6,signal,-1.0259039153450544
PCAR,2026-09-03,2026-09-04,123.05293030548094,125.15471878051758,73,153.43055867767487,0.017080361026908575,1,signal,-0.6281821127968783
MAC,2026-09-03,2026-09-09,23.406239205429582,23.230582235070315,387,-67.97924752903623,-0.007504707134605382,3,signal,-0.21044874668127989
PLD,2026-09-03,2026-09-09,136.27527382085353,135.93359937894283,66,-22.550513166106043,-0.0025072372436386603,3,signal,-0.49190467391819936
CDP,2026-09-03,2026-09-09,35.42538938903808,35.42453908538818,256,-0.21767773437386495,-2.4002662061373137e-05,3,signal,-0.7528762525961241
EXR,2026-08-27,2026-09-11,142.89429211917215,135.7069355370509,63,-452.803464673639,-0.05029841623153908,10,time,-2.092522934466345
ICUI,2026-08-28,2026-09-14,175.62544694519042,157.4723748779297,51,-925.8066754302969,-0.10336242488211844,10,time,-1.4368615486340417
MNST,2026-09-09,2026-09-14,42.90286061096191,43.46648832321167,209,117.7981918602002,0.013137299103681555,3,signal,-0.3672490080096509
LW,2026-09-09,2026-09-15,49.44940152740478,47.93201954269409,182,-276.1635212173453,-0.03068554801153167,4,signal,-0.3773415040165702
EXPO,2026-09-14,2026-09-15,68.15808633422851,68.34159365844727,129,23.672444824219,0.0026923778833649603,1,signal,-0.5369629839563146
CHD,2026-09-09,2026-09-16,95.34525,94.66524213409424,94,-63.920739395140544,-0.007132058135101094,5,signal,-0.2423807458698093
AMH,2026-09-11,2026-09-16,31.40063882655318,31.57839060974121,280,49.77049929264808,0.0056607696477091185,3,signal,-0.2930498830048407
UFPT,2026-09-04,2026-09-17,285.28499999999997,284.55515634155273,31,-22.625153411864346,-0.002558296645274849,8,signal,-0.2644351522763202
SXT,2026-09-15,2026-09-17,128.54841816711425,130.00985939025878,68,99.37800317382823,0.011368799740846702,2,signal,-0.40948423333117034
SXI,2026-09-03,2026-09-17,280.28,257.80999755859375,32,-719.0400781249991,-0.0801698388804275,9,end,-0.3491882863674647
TFIN,2026-09-03,2026-09-17,69.77970908355712,63.0,129,-874.5824717788688,-0.09715874675600633,9,end,-0.5630681561971187
BLK,2026-09-03,2026-09-17,1112.8266966333442,1053.9599609375,8,-470.9338855667538,-0.052898385592235364,9,end,-0.6915394790407561
INVH,2026-09-04,2026-09-17,28.338309465408322,27.149999618530273,319,-379.0708411540976,-0.04193298292294323,8,end,-0.3995000778403863
USFD,2026-09-14,2026-09-17,95.83073561096191,92.16000366210938,92,-337.70733929443315,-0.03830432820378604,3,end,-0.47229416448583095
TFX,2026-09-15,2026-09-17,130.53039389038085,125.58999633789062,67,-331.00663601684505,-0.03784863743412248,2,end,-0.4388867788925097
GNL,2026-09-16,2026-09-17,9.008999999999999,8.890000343322754,967,-115.07266800689558,-0.01320897510014929,1,end,-0.33965166811734093
EZPW,2026-09-16,2026-09-17,30.630600381851192,31.639999389648438,284,286.6693182144178,0.03295394132709584,1,end,-0.43083468805382097
EPR,2026-09-17,2026-09-17,57.32727045822143,57.15999984741211,151,-25.257862232207025,-0.00291781920667622,0,end,-0.23957798841310307
VCTR,2026-09-17,2026-09-17,106.2261227493286,104.22000122070312,81,-162.49584381866313,-0.018885387856615088,0,end,-0.25969394896675624
