model,kind,params,exclude_earnings,exit,train_n_trades,train_win_rate,train_total_return,train_max_drawdown,train_profit_factor,train_expectancy,train_sharpe,train_avg_hold_days,test_n_trades,test_win_rate,test_total_return,test_max_drawdown,test_profit_factor,test_expectancy,test_sharpe,test_avg_hold_days,both_positive,n_configs,oracle_test_expectancy
multiday_runner_day2,screen,"{""day1_ret"": 0.5, ""day1_rvol"": 5}",True,"{""stop_pct"": null, ""target_pct"": null, ""max_hold_days"": 3}",375,0.376,-0.1731263639424057,-0.55203547066522,0.96248363819684,0.003856467891753,0.1702687216214112,2.976,246,0.4105691056910569,1.1616570219975575,-0.5810579099547384,1.169061808496479,0.0465070476940786,1.17700498553669,2.975609756097561,True,96,0.0465070476940786
pullback_lowvol,screen,"{""surge_pct"": 0.1, ""vol_frac"": 0.3, ""hold_pct"": 0.85}",True,"{""stop_pct"": null, ""target_pct"": null, ""max_hold_days"": 10}",470,0.4340425531914894,1.3945474386506,-0.5189873702280294,1.3265557406264536,0.0378936549766375,1.1470547201521637,9.934042553191489,250,0.348,-0.3896908293013003,-0.6356603808325206,0.7740764126978138,0.0271507200180571,-0.1987244296377006,9.936,True,96,0.0786001003189518
surge_chase,strategy,"{""surge_pct"": 0.3, ""vol_mult"": 10.0, ""max_hold_days"": 5, ""stop_pct"": 0.1}",False,{},588,0.2397959183673469,0.626950557383509,-0.6047152535608231,1.0674137043370835,0.0215577562934115,0.6114373363898239,1.79421768707483,411,0.2043795620437956,0.0958887333491775,-0.5179229423888579,1.0372962353748578,0.0107674902787122,0.5986102116953642,1.8077858880778588,True,54,0.0250299951813767
volume_3x_after_base,screen,"{""min_rvol"": 5, ""max_range40"": 0.15}",True,"{""stop_pct"": 0.2, ""target_pct"": null, ""max_hold_days"": 5}",156,0.4038461538461538,-0.0276609947519761,-0.1233991161230356,0.9346294276529832,0.016293959644883,-0.1065663860243622,4.711538461538462,108,0.3981481481481481,0.0658592598370739,-0.1269930851453392,1.2153706255696288,0.0078276640320176,0.6496713867313113,4.796296296296297,True,96,0.0152775232294762
toss_weak_green_rising_vol,screen,"{""max_ret"": 0.03, ""window"": 10, ""base_adv"": 2000000.0}",True,"{""stop_pct"": null, ""target_pct"": 0.4, ""max_hold_days"": 10}",472,0.4194915254237288,-0.0276714014148115,-0.4079372507352738,0.972767318767004,0.0072098127835553,0.0237860382300571,9.608050847457626,251,0.4780876494023904,0.028743577682887,-0.1937780352766516,1.0408803882438864,0.0060535955051771,0.2437989153029108,9.366533864541832,True,96,0.0060535955051771
big_candle_maxvol,screen,"{""min_ret"": 0.3, ""min_close_pos"": 0.5, ""max_mcap"": 300000000.0}",True,"{""stop_pct"": null, ""target_pct"": null, ""max_hold_days"": 10}",399,0.3558897243107769,1.1081835295953502,-0.7431749674595606,1.136845552587676,0.0493309367339345,0.7898100414797299,9.862155388471178,241,0.2987551867219917,-0.4300652809652947,-0.866000739939973,0.9094595494488084,0.0041782638891224,0.4432096302157678,9.813278008298756,True,96,0.0460005430230512
pullback,strategy,"{""rsi_entry"": 15, ""max_hold_days"": 10, ""stop_atr_mult"": null, ""max_mcap"": null}",False,{},919,0.5331882480957563,-0.4097637287695957,-0.4726978605125791,0.7318093675448839,-0.0054719180801119,-1.0857693773068584,4.039173014145811,592,0.5422297297297297,-0.2222896469067287,-0.280251556118109,0.8054997169598106,-0.0038600629516106,-0.9353970492168724,4.206081081081081,False,24,-0.0021278915946643
toss_pullback_after_green,screen,"{""day2_max_ret"": -0.08, ""day2_vol_frac"": 0.7, ""base_adv"": 10000000.0}",False,"{""stop_pct"": null, ""target_pct"": 0.4, ""max_hold_days"": 10}",216,0.4305555555555556,0.151174214421345,-0.305720438319269,1.0842200357933516,0.0421699191451696,0.3795842777202135,8.453703703703704,115,0.3826086956521739,-0.0107866406716988,-0.2401828199280794,0.987671049781336,-0.0052005839152843,0.0931912217959633,8.826086956521738,False,96,0.0250223042492915
toss_dryup_after_red,screen,"{""dry_frac"": 0.4, ""drop_from_first"": 0.4, ""base_adv"": 10000000.0}",True,"{""stop_pct"": null, ""target_pct"": 0.15, ""max_hold_days"": 10}",526,0.5209125475285171,0.4841285056928248,-0.2084611330353704,1.328461333411784,0.0139455413523636,0.6340346811032043,8.100760456273765,271,0.4612546125461255,-0.184209417423752,-0.184209417423752,0.8087725927869723,-0.0062836846284382,-0.916034504993474,8.276752767527675,False,96,0.0026059120669119
gap_day,strategy,"{""gap_pct"": 0.03, ""stop_pct"": 0.05}",False,{},3204,0.347378277153558,-0.888121716081302,-0.8922955705408265,0.7112111505139187,-0.0066011090581041,-3.160294196958275,0.0,2370,0.3493670886075949,-0.8437388263356295,-0.8471418459965621,0.7292883699657675,-0.0075766557865082,-4.687009967096995,0.0,False,9,-0.0066732769647842
gap_and_go,screen,"{""min_gap"": 0.2, ""max_price"": 10}",False,"{""stop_pct"": 0.1, ""target_pct"": null, ""max_hold_days"": 1}",446,0.273542600896861,0.1003605578681547,-0.4130283177116187,1.0294277536131635,0.0049064694787818,0.3137142146068408,0.0,543,0.2744014732965009,-0.5258358537965646,-0.7216120486180408,0.8132542947102995,-0.0111972587685506,-1.041070567523154,0.0,False,24,-0.0097344129305595
toss_second_volume,screen,"{""second_mult"": 3, ""window"": 10, ""base_adv"": 2000000.0}",False,"{""stop_pct"": null, ""target_pct"": 0.4, ""max_hold_days"": 10}",450,0.4688888888888889,-0.0562840542936642,-0.4825732129164208,0.9823178868967664,0.0107567797676971,0.0587690056651824,9.197777777777778,244,0.4221311475409836,-0.2743305552537644,-0.505637978945196,0.8157403271160762,-0.0130923932556526,-0.5257776663403738,9.4672131147541,False,96,-0.0008141201369021
finviz_top_gainer,screen,"{""min_ret"": 0.1, ""min_rsi"": 50}",False,"{""stop_pct"": null, ""target_pct"": 0.15, ""max_hold_days"": 10}",667,0.5862068965517241,-0.0883944950246768,-0.6071375904916763,0.9821408892316738,0.0012332662715348,0.0934092054844337,6.535232383808096,360,0.5472222222222223,-0.4757945650401344,-0.5999937896138234,0.8415362526759277,-0.0147579486697029,-1.29494182920133,6.463888888888889,False,96,-0.0007300203510599
breakout,strategy,"{""lookback"": 20, ""vol_mult"": 1.5, ""trail_atr_mult"": 3.0, ""max_mcap"": 2000000000.0}",False,{},218,0.3669724770642202,0.2929626698382821,-0.4104185257714791,1.1932601906133138,0.0119509142935463,0.5582835249805329,13.527522935779816,180,0.3222222222222222,-0.2551995772801819,-0.4709992895994203,0.8166626768383299,-0.0159214029218323,-0.3927690987186377,12.627777777777778,False,16,-0.0039335860274328
surge_pullback,strategy,"{""pullback_pct"": 0.08, ""max_hold_days"": 10, ""stop_pct"": 0.05}",False,{},2707,0.189878093830809,-0.974009188301101,-0.9804248497959712,0.7662919894934641,-0.0121050075934536,-2.735364609126478,0.8987809383080901,1475,0.1871186440677966,-0.9421066689834672,-0.952778269167326,0.66848608851244,-0.0179970828324673,-3.4920702048893024,0.9057627118644068,False,18,-0.0054511972109329
quiet_volume_spike,screen,"{""max_abs_ret"": 0.02, ""min_rvol"": 10}",True,"{""stop_pct"": 0.2, ""target_pct"": null, ""max_hold_days"": 10}",480,0.3229166666666667,-0.1667905516814065,-0.2669043141192965,0.8786922872394743,0.0072580906331392,-0.0383548589915047,8.358333333333333,291,0.274914089347079,-0.5617107529392885,-0.5617107529392885,0.4473589947523228,-0.0228239563001578,-2.122780214792249,7.81786941580756,False,96,0.0040361141411847
dryup_first_spike,screen,"{""dry_frac"": 0.5, ""min_rvol"": 3, ""min_ret"": 0.1}",False,"{""stop_pct"": 0.2, ""target_pct"": null, ""max_hold_days"": 10}",716,0.3212290502793296,1.069153772783841,-0.6856696706858043,1.0951484606702426,0.0259843523785982,0.7371201648507262,6.022346368715084,393,0.2391857506361323,-0.708209619196525,-0.8490514582286145,0.8079916420590596,-0.0354697406600116,-0.2418754154453915,5.7735368956743,False,96,0.0104918754671361
first_green_day,screen,"{""min_ret"": 0.1, ""min_close_pos"": 0.8, ""beaten"": 0.5}",True,"{""stop_pct"": null, ""target_pct"": null, ""max_hold_days"": 1}",152,0.3355263157894737,0.4012868366571325,-0.133236810524,1.5069821299957182,0.0378920947986829,0.993460871250345,1.0,171,0.2748538011695906,-0.457886004497144,-0.560513343033557,0.5640103124931429,-0.0366311103263152,-2.0354746562947046,0.9941520467836256,False,2,-0.036470130349297
pullback_ma,screen,"{""surge_pct"": 0.1, ""ma"": ""sma10"", ""vol_frac"": 0.5}",False,"{""stop_pct"": 0.2, ""target_pct"": null, ""max_hold_days"": 10}",555,0.3891891891891892,0.8214326970794597,-0.5036290964640893,1.1538595299337004,0.0333946330132184,0.8304999847442677,8.08108108108108,300,0.3333333333333333,-0.7793544201405965,-0.7825092790436005,0.4463493654939683,-0.0490047901934907,-2.9207008522640296,7.96,False,96,0.0134190637871092
threads_us_pullback,screen,"{""min_runup30"": 1.5, ""max_mcap"": 1800000000.0}",False,"{""stop_pct"": null, ""target_pct"": 0.4, ""max_hold_days"": 10}",320,0.3875,-0.3095650562812985,-0.8428176676813737,0.8943879078934048,0.010622246950404,0.1754116104817518,8.06875,251,0.3705179282868526,-0.8157142251343703,-0.8265173067511019,0.6565209450669817,-0.0557364291686698,-2.41666840163182,7.585657370517929,False,96,0.0065311580321621
warrior_scanner,screen,"{""min_ret"": 0.1, ""min_rvol"": 5, ""min_close_pos"": 0.5}",False,"{""stop_pct"": null, ""target_pct"": null, ""max_hold_days"": 10}",464,0.418103448275862,3.454576335657878,-0.5718374405436275,1.321758471096344,0.0594832580303739,1.0791707339168568,9.859913793103448,250,0.32,-0.7862106805478474,-0.8235388887140399,0.5759723392192393,-0.0573430414385331,-0.8930891054998197,9.804,False,96,0.0264022798401235
ross_5pillars,screen,"{""min_ret"": 0.2, ""min_rvol"": 10, ""max_price"": 10}",False,"{""stop_pct"": null, ""target_pct"": null, ""max_hold_days"": 10}",355,0.3183098591549296,0.2574872570396769,-0.7065889931031345,1.0368473871396446,0.0479231506122402,0.5186684492920594,9.861971830985915,250,0.26,-0.901571715833292,-0.9036592579989688,0.5786907950285717,-0.0807888404741061,-2.1615408459946783,9.752,False,96,0.0269646718994751
kr_newhigh_alignment,screen,"{""max_mcap"": 500000000.0, ""min_vol_ratio_prev"": 3}",True,"{""stop_pct"": null, ""target_pct"": null, ""max_hold_days"": 10}",141,0.3049645390070922,0.8459268290911925,-0.5092160993177572,1.279855463100752,0.0968146470378602,0.6446031451923987,9.560283687943262,112,0.3035714285714285,-0.6168960136903322,-0.6374780362865551,0.4463220645050018,-0.0841337065075214,-2.446566506114252,9.919642857142858,False,96,-0.0083092555451586
kr_screener_basic,screen,"{""min_ret"": 0.05, ""min_rvol"": 2, ""max_rsi"": 70}",False,"{""stop_pct"": 0.2, ""target_pct"": null, ""max_hold_days"": 10}",670,0.3149253731343283,-0.4722454799978518,-0.761776440935565,0.906371465240044,0.0083132842318359,0.0288105444278714,6.517910447761194,413,0.2179176755447942,-0.9682440233615324,-0.9684833195634897,0.3907859470316392,-0.0889389035498294,-3.4226725829029787,5.4358353510895885,False,96,-0.0002480418632801
