cand,model,source,params,exit,exclude_earnings,variant,window,start,end,trading_days,total_return,cagr,ann_vol,sharpe,sortino,max_drawdown,max_dd_days,calmar,exposure,avg_positions,n_trades,win_rate,avg_win,avg_loss,payoff,profit_factor,expectancy,avg_hold_days,best_trade,worst_trade,net_pnl,bench_total_return,bench_cagr,bench_max_drawdown,bench_sharpe,top10_share,median_trade,pnl_wo_top10,target_share,monthly
1,multiday_runner_day2,리더보드(학습 선택),"{""day1_ret"": 0.5, ""day1_rvol"": 5}","{""stop_pct"": null, ""target_pct"": null, ""max_hold_days"": 3}",True,기본,학습,2023-11-01,2025-09-17,470,-0.17312636394240577,-0.09690522648119704,0.6779674740508593,0.1702687216214112,0.2826128190667735,-0.55203547066522,226,-0.17554166648824795,0.8574468085106383,2.382978723404255,375,0.376,0.3225062119043332,-0.18815042914146837,1.714087038631435,0.9624836381968401,0.003856467891753039,2.976,3.0551984134572896,-0.6407019484535852,-17312.6363942406,0.5954822261517272,0.2846494372237305,-0.18755226260622682,1.5981883034563042,,-0.06195273236348827,-181560.7753859909,0.0,
1,multiday_runner_day2,리더보드(학습 선택),"{""day1_ret"": 0.5, ""day1_rvol"": 5}","{""stop_pct"": null, ""target_pct"": null, ""max_hold_days"": 3}",True,기본,검증,2025-09-18,2026-09-17,251,1.1616570219975575,1.1683061415631522,1.1519314827234832,1.17700498553669,2.417808647492741,-0.5810579099547384,77,2.0106535365023386,0.9123505976095617,2.9243027888446216,246,0.4105691056910569,0.44173538045446187,-0.22878992891832625,1.9307466134672089,1.169061808496479,0.0465070476940786,2.975609756097561,3.720910863099605,-0.9742422398448457,116165.70219975547,0.1642705407480871,0.1649762502846266,-0.08884968175523733,1.2501935491561118,3.484517548915871,-0.0638213299135211,-288615.7256974272,0.0,25-09:-4% 25-10:-14% 25-11:+7% 25-12:+5% 26-01:+25% 26-02:-1% 26-03:+4% 26-04:+19% 26-05:+67% 26-06:+63% 26-07:-21% 26-08:-26% 26-09:-5%
1,multiday_runner_day2,리더보드(학습 선택),"{""day1_ret"": 0.5, ""day1_rvol"": 5}","{""stop_pct"": null, ""target_pct"": null, ""max_hold_days"": 3}",True,기본,검증 전반,2025-09-18,2026-03-13,122,0.2589459252460964,0.6090590936555353,0.6156253024638387,1.0728277027561937,1.933242474392398,-0.2224109008755244,77,2.738440837467784,0.8442622950819673,2.1557377049180326,88,0.5113636363636364,0.2441615799750625,-0.1887136042248173,1.293820766012127,1.3090360983013007,0.032643024059212135,2.977272727272727,0.9618486158050277,-0.6798073062622383,25894.592524609656,0.005781079897152042,0.01197803168050049,-0.050713544612239314,0.15960507038648797,2.2422835377070993,0.003022124570415177,-32168.42600895589,0.0,
1,multiday_runner_day2,리더보드(학습 선택),"{""day1_ret"": 0.5, ""day1_rvol"": 5}","{""stop_pct"": null, ""target_pct"": null, ""max_hold_days"": 3}",True,기본,검증 후반,2026-03-16,2026-09-17,129,0.72740198326945,1.9090103982648903,1.4962430882363382,1.3602195688275402,3.0168663420450264,-0.581014553727321,41,3.285649879195312,0.9689922480620154,3.643410852713178,158,0.35443037974683544,0.6005000415539791,-0.2444258289131358,2.4567781736658656,1.1502471028175447,0.055041568214449235,2.962025316455696,3.720910863099605,-0.9742422398448458,72740.1983269448,0.14591664798755333,0.3048324666446445,-0.055299033326180136,2.0248452496039726,4.4692246994527,-0.09647545048880886,-252352.0926789248,0.0,
2,pullback_lowvol,리더보드(학습 선택),"{""surge_pct"": 0.1, ""vol_frac"": 0.3, ""hold_pct"": 0.85}","{""stop_pct"": null, ""target_pct"": null, ""max_hold_days"": 10}",True,기본,학습,2023-11-01,2025-09-17,470,1.3945474386506,0.5970860466130818,0.5282338045910434,1.1470547201521635,2.1784945064455163,-0.5189873702280294,272,1.150482807222723,0.997872340425532,9.95531914893617,470,0.4340425531914894,0.2883962415500826,-0.15422111066615493,1.8700179262382493,1.3265557406264536,0.037893654976637534,9.934042553191489,5.661702382476574,-0.6836894165800858,139454.74386505998,0.5954822261517272,0.2846494372237305,-0.18755226260622682,1.5981883034563042,1.268362910522141,-0.029854813657762914,-37424.4809497472,0.0,
2,pullback_lowvol,리더보드(학습 선택),"{""surge_pct"": 0.1, ""vol_frac"": 0.3, ""hold_pct"": 0.85}","{""stop_pct"": null, ""target_pct"": null, ""max_hold_days"": 10}",True,기본,검증,2025-09-18,2026-09-17,251,-0.3896908293013003,-0.3908903037558724,0.9019982807773272,-0.19872442963770065,-0.562469946348013,-0.6356603808325206,168,-0.6149357668696068,0.9960159362549801,9.936254980079681,250,0.348,0.3633909504773596,-0.1523149244602209,2.3857868936032203,0.7740764126978138,0.027150720018057108,9.936,15.610089945301334,-0.6361416668505577,-38969.08293013016,0.1642705407480871,0.1649762502846266,-0.08884968175523733,1.2501935491561118,,-0.051806728768093405,-110366.11306731075,0.0,25-09:-10% 25-10:-18% 25-11:-3% 25-12:+16% 26-01:-5% 26-02:+7% 26-03:-11% 26-04:+8% 26-05:+6% 26-06:-32% 26-07:-27% 26-08:-12% 26-09:+61%
2,pullback_lowvol,리더보드(학습 선택),"{""surge_pct"": 0.1, ""vol_frac"": 0.3, ""hold_pct"": 0.85}","{""stop_pct"": null, ""target_pct"": null, ""max_hold_days"": 10}",True,기본,검증 전반,2025-09-18,2026-03-13,122,-0.16135655425627293,-0.3047461643172511,0.5312780283400461,-0.42957248396697423,-0.8455832742720986,-0.35479547373217657,81,-0.8589347578523336,0.9918032786885246,9.918032786885245,130,0.35384615384615387,0.20223332343228292,-0.12224635772209506,1.6543096023525194,0.8041291959314577,-0.007430470544392085,9.23076923076923,1.7674117545441612,-0.43421887824331395,-16135.65542562738,0.005781079897152042,0.01197803168050049,-0.050713544612239314,0.15960507038648797,,-0.04414650485095491,-56677.268475585464,0.0,
2,pullback_lowvol,리더보드(학습 선택),"{""surge_pct"": 0.1, ""vol_frac"": 0.3, ""hold_pct"": 0.85}","{""stop_pct"": null, ""target_pct"": null, ""max_hold_days"": 10}",True,기본,검증 후반,2026-03-16,2026-09-17,129,0.8347924861543803,2.272759164064777,3.7375132549771206,1.073394686114217,10.898355303529693,-0.4461889835064776,89,5.093714206486638,0.9922480620155039,9.914728682170542,130,0.36923076923076925,0.6181379202059237,-0.1680354471474093,3.6786162128259847,1.457108931749216,0.12224395002920596,9.761538461538462,22.65292719238983,-0.6687945468648417,83479.24861543791,0.14591664798755333,0.3048324666446445,-0.055299033326180136,2.0248452496039726,2.859189556036029,-0.0579540373775948,-155203.7471715573,0.0,
3,surge_chase,리더보드(학습 선택),"{""surge_pct"": 0.3, ""vol_mult"": 10.0, ""max_hold_days"": 5, ""stop_pct"": 0.1}",{},False,기본,학습,2023-11-01,2025-09-17,470,0.626950557383509,0.2981731813863968,1.1912659376482004,0.6114373363898239,2.2018831456048624,-0.6047152535608231,150,0.49308030454106305,0.9468085106382979,3.1340425531914895,588,0.23979591836734693,0.42420887003480023,-0.10545299770554993,4.022729360613277,1.0674137043370835,0.021557756293411574,1.7942176870748299,15.08171939914789,-0.2652789344467808,62695.055738350464,0.5954822261517272,0.2846494372237305,-0.18755226260622682,1.5981883034563042,7.7001513637651335,-0.10139260204114159,-420066.3632066401,0.0,
3,surge_chase,리더보드(학습 선택),"{""surge_pct"": 0.3, ""vol_mult"": 10.0, ""max_hold_days"": 5, ""stop_pct"": 0.1}",{},False,기본,검증,2025-09-18,2026-09-17,251,0.09588873334917758,0.09628859025590586,1.1482755500668802,0.5986102116953642,1.0567635478546202,-0.5179229423888579,180,0.18591296576240895,0.9760956175298805,4.135458167330677,411,0.20437956204379562,0.48567731438032,-0.11122769389417785,4.366514285933087,1.0372962353748578,0.010767490278712221,1.8077858880778588,5.604620558018431,-0.4392167182071436,9588.873334917713,0.1642705407480871,0.1649762502846266,-0.08884968175523733,1.2501935491561118,16.010261873406353,-0.10655033079986319,-143931.49982803807,0.0,25-09:+1% 25-10:-29% 25-11:-3% 25-12:-17% 26-01:+2% 26-02:+11% 26-03:-13% 26-04:+9% 26-05:+9% 26-06:+56% 26-07:-26% 26-08:-4% 26-09:+50%
3,surge_chase,리더보드(학습 선택),"{""surge_pct"": 0.3, ""vol_mult"": 10.0, ""max_hold_days"": 5, ""stop_pct"": 0.1}",{},False,기본,검증 전반,2025-09-18,2026-03-13,122,-0.3833220479851922,-0.6315740754811561,0.5550010494808536,-1.5410340707266936,-3.1404259077543695,-0.5027605015952596,114,-1.2562125972051719,0.9590163934426229,4.270491803278689,210,0.21904761904761905,0.29445169237628965,-0.10816616403948946,2.7222162770678526,0.6903679902644365,-0.019973681205556888,1.7380952380952381,2.376410654240556,-0.3332967885213761,-38332.204798519204,0.005781079897152042,0.01197803168050049,-0.050713544612239314,0.15960507038648797,,-0.1047437494072882,-93899.03143547755,0.0,
3,surge_chase,리더보드(학습 선택),"{""surge_pct"": 0.3, ""vol_mult"": 10.0, ""max_hold_days"": 5, ""stop_pct"": 0.1}",{},False,기본,검증 후반,2026-03-16,2026-09-17,129,0.8271566749459642,2.2462051285603417,1.5084220134501842,1.462148301737075,2.451762959060471,-0.4263001331811168,55,5.269069732159864,0.9689922480620154,3.8217054263565893,199,0.19597989949748743,0.6921566015204224,-0.11311180852118144,6.119224955993948,1.3823159269991918,0.04470461354727362,1.7537688442211055,5.604620558018431,-0.4392167182071436,82715.66749459639,0.14591664798755333,0.3048324666446445,-0.055299033326180136,2.0248452496039726,2.8511362360332573,-0.10756666442471972,-153117.96938692566,0.0,
4,volume_3x_after_base,리더보드(학습 선택),"{""min_rvol"": 5, ""max_range40"": 0.15}","{""stop_pct"": 0.2, ""target_pct"": null, ""max_hold_days"": 5}",True,기본,학습,2023-11-01,2025-09-17,470,-0.027660994751976142,-0.01492744868828133,0.09726076798482125,-0.10656638602436226,-0.12172328613724737,-0.12339911612303567,275,-0.12096884610905842,0.7319148936170212,1.5936170212765957,156,0.40384615384615385,0.1364990555451247,-0.06513529886818394,2.095623385736842,0.9346294276529832,0.01629395964488302,4.711538461538462,2.6951355018802077,-0.31012358650682553,-2766.0994751977014,0.5954822261517272,0.2846494372237305,-0.18755226260622682,1.5981883034563042,,-0.017550817428361065,-29950.472600008394,0.0,
4,volume_3x_after_base,리더보드(학습 선택),"{""min_rvol"": 5, ""max_range40"": 0.15}","{""stop_pct"": 0.2, ""target_pct"": null, ""max_hold_days"": 5}",True,기본,검증,2025-09-18,2026-09-17,251,0.06585925983707397,0.0661301383921542,0.10779143759781708,0.6496713867313113,1.0928101108332162,-0.12699308514533925,148,0.520738104098113,0.8605577689243028,2.091633466135458,108,0.39814814814814814,0.12135876415017846,-0.06727752527691941,1.803852975427627,1.2153706255696288,0.007827664032017699,4.796296296296297,0.8749770044783618,-0.2535597153050888,6585.925983707435,0.1642705407480871,0.1649762502846266,-0.08884968175523733,1.2501935491561118,4.262430890401887,-0.008279663045742514,-21486.12837114757,0.0,25-09:+2% 25-10:-10% 25-11:-1% 25-12:+2% 26-01:+8% 26-02:+0% 26-03:+0% 26-04:+0% 26-05:+4% 26-06:+2% 26-07:-0% 26-08:-0% 26-09:+0%
4,volume_3x_after_base,리더보드(학습 선택),"{""min_rvol"": 5, ""max_range40"": 0.15}","{""stop_pct"": 0.2, ""target_pct"": null, ""max_hold_days"": 5}",True,기본,검증 전반,2025-09-18,2026-03-13,122,0.021351608123424848,0.04460526776106866,0.13295162233034932,0.39621329765637536,0.681065632692848,-0.12699308514533925,110,0.3512417050898437,0.860655737704918,2.1147540983606556,55,0.45454545454545453,0.1098790788448511,-0.09225097240451657,1.1910885704601142,1.1120050177935326,-0.0003736763820767307,4.5636363636363635,0.8749770044783618,-0.2535597153050888,2135.1608123425062,0.005781079897152042,0.01197803168050049,-0.050713544612239314,0.15960507038648797,8.360962753574471,-0.004970002034781133,-15716.839212544994,0.0,
4,volume_3x_after_base,리더보드(학습 선택),"{""min_rvol"": 5, ""max_range40"": 0.15}","{""stop_pct"": 0.2, ""target_pct"": null, ""max_hold_days"": 5}",True,기본,검증 후반,2026-03-16,2026-09-17,129,0.04362533219098608,0.08699284271807994,0.07829696185042664,1.1123901680934325,2.0256427256447833,-0.03186313610958469,56,2.730203405555921,0.8449612403100775,2.0310077519379846,53,0.33962264150943394,0.1368779297787696,-0.04493965074644825,3.045816500689819,1.3868581711959538,0.016809716224380458,4.90566037735849,0.7056824738885206,-0.15114255104805047,4362.533219098628,0.14591664798755333,0.3048324666446445,-0.055299033326180136,2.0248452496039726,3.472173917838239,-0.008475858805395493,-10784.940839958512,0.0,
5,toss_weak_green_rising_vol,리더보드(학습 선택),"{""max_ret"": 0.03, ""window"": 10, ""base_adv"": 2000000.0}","{""stop_pct"": null, ""target_pct"": 0.4, ""max_hold_days"": 10}",True,기본,학습,2023-11-01,2025-09-17,470,-0.027671401414811503,-0.014933101516068858,0.20397789573974953,0.023786038230057146,0.043897873744933535,-0.40793725073527387,431,-0.03660636896766145,0.997872340425532,9.727659574468085,472,0.4194915254237288,0.13835720807474997,-0.08756093271884077,1.5801248773698728,0.972767318767004,0.0072098127835553485,9.608050847457626,3.5796389335016787,-0.7690732752026846,-2767.140141481228,0.5954822261517272,0.2846494372237305,-0.18755226260622682,1.5981883034563042,,-0.01578032320042275,-36360.758236741385,0.057203389830508475,
5,toss_weak_green_rising_vol,리더보드(학습 선택),"{""max_ret"": 0.03, ""window"": 10, ""base_adv"": 2000000.0}","{""stop_pct"": null, ""target_pct"": 0.4, ""max_hold_days"": 10}",True,기본,검증,2025-09-18,2026-09-17,251,0.028743577682887045,0.0288597307427636,0.19404878797654201,0.24379891530291087,0.35638011642656175,-0.1937780352766516,161,0.14893189881691882,0.9960159362549801,9.474103585657371,251,0.47808764940239046,0.11636457951279652,-0.09499463412012306,1.2249594999823952,1.0408803882438864,0.006053595505177138,9.366533864541832,1.1029400796728412,-0.5343495027993649,2874.357768288812,0.1642705407480871,0.1649762502846266,-0.08884968175523733,1.2501935491561118,10.940362017749116,-0.004499566725074381,-28572.15678532009,0.06772908366533864,25-09:+2% 25-10:-3% 25-11:+4% 25-12:+1% 26-01:+2% 26-02:+0% 26-03:-2% 26-04:-5% 26-05:-5% 26-06:+1% 26-07:+3% 26-08:+6% 26-09:-0%
5,toss_weak_green_rising_vol,리더보드(학습 선택),"{""max_ret"": 0.03, ""window"": 10, ""base_adv"": 2000000.0}","{""stop_pct"": null, ""target_pct"": 0.4, ""max_hold_days"": 10}",True,기본,검증 전반,2025-09-18,2026-03-13,122,0.05297042586809031,0.11250573949108067,0.2116336908027786,0.6126420515995645,1.0205297813409302,-0.09425297221489803,55,1.193657206210602,0.9918032786885246,9.114754098360656,120,0.4666666666666667,0.12600063557859356,-0.10172041112529423,1.2386956972027192,1.1370921646700283,0.00454941066985339,9.108333333333333,0.39260350000000016,-0.42157375369505834,5297.042586809148,0.005781079897152042,0.01197803168050049,-0.050713544612239314,0.15960507038648797,4.4819962682634396,-0.009372408047467116,-18444.282520101966,0.075,
5,toss_weak_green_rising_vol,리더보드(학습 선택),"{""max_ret"": 0.03, ""window"": 10, ""base_adv"": 2000000.0}","{""stop_pct"": null, ""target_pct"": 0.4, ""max_hold_days"": 10}",True,기본,검증 후반,2026-03-16,2026-09-17,129,0.017787188395589792,0.0350416378074192,0.16663073253079158,0.29167752395673424,0.33979062154870965,-0.1312957164158276,103,0.2668909448381285,0.9922480620155039,9.565891472868216,133,0.5338345864661654,0.10709515293469132,-0.0868986547604495,1.2324143938696959,1.0586090864060698,0.016661949347482816,9.142857142857142,1.1029400796728412,-0.5343495027993648,1778.7188395589583,0.14591664798755333,0.3048324666446445,-0.055299033326180136,2.0248452496039726,9.501702764811407,0.004250815457378166,-15122.138876100471,0.06015037593984962,
5,toss_weak_green_rising_vol,리더보드(학습 선택),"{""max_ret"": 0.03, ""window"": 10, ""base_adv"": 2000000.0}","{""stop_pct"": null, ""target_pct"": 0.4, ""max_hold_days"": 10}",True,버퍼3%,학습,2023-11-01,2025-09-17,470,-0.048625545983306706,-0.026372770157269576,0.20539882831836942,-0.03221084196918061,-0.06006472297070124,-0.36901143538696923,431,-0.07146870700528124,0.997872340425532,9.727659574468085,472,0.4194915254237288,0.1371736317565945,-0.09032190038281539,1.518719504076036,0.9531064992570862,0.005110547421428576,9.61228813559322,3.5796389335016787,-0.7690732752026846,-4862.55459833074,0.5954822261517272,0.2846494372237305,-0.18755226260622682,1.5981883034563042,,-0.01653902163443928,-38988.6384480209,0.05296610169491525,
5,toss_weak_green_rising_vol,리더보드(학습 선택),"{""max_ret"": 0.03, ""window"": 10, ""base_adv"": 2000000.0}","{""stop_pct"": null, ""target_pct"": 0.4, ""max_hold_days"": 10}",True,버퍼3%,검증,2025-09-18,2026-09-17,251,0.07571695474222273,0.07602980403337911,0.17948043897625546,0.49890115621348957,0.837267785109,-0.1839174740803483,161,0.4133908668197773,0.9960159362549801,9.44621513944223,248,0.4879032258064516,0.1157545483470499,-0.0924773475409869,1.2517070550249758,1.1137068757289252,0.009119666178579454,9.459677419354838,1.1029400796728412,-0.48919167486039505,7571.695474222368,0.1642705407480871,0.1649762502846266,-0.08884968175523733,1.2501935491561118,3.938685162976103,-0.0039026511664185456,-22250.829148670557,0.06048387096774194,
5,toss_weak_green_rising_vol,리더보드(학습 선택),"{""max_ret"": 0.03, ""window"": 10, ""base_adv"": 2000000.0}","{""stop_pct"": null, ""target_pct"": 0.4, ""max_hold_days"": 10}",True,종가확인,학습,2023-11-01,2025-09-17,470,-0.2718585510901079,-0.15642404683856015,0.1634513093891238,-0.9609610020212193,-1.4267315083314946,-0.4148362406216921,431,-0.3770742078949903,0.997872340425532,9.759574468085106,470,0.4085106382978723,0.107087414947506,-0.09195150245915207,1.1646075603286397,0.7423276273180361,-0.010641987263240687,9.697872340425532,0.39260350000000005,-0.7690732752026846,-27185.855109010772,0.5954822261517272,0.2846494372237305,-0.18755226260622682,1.5981883034563042,,-0.01851173455553766,-48323.4719859934,0.04042553191489362,
5,toss_weak_green_rising_vol,리더보드(학습 선택),"{""max_ret"": 0.03, ""window"": 10, ""base_adv"": 2000000.0}","{""stop_pct"": null, ""target_pct"": 0.4, ""max_hold_days"": 10}",True,종가확인,검증,2025-09-18,2026-09-17,251,-0.03324890139845271,-0.03337913137790771,0.19199434901044524,-0.08161400142448633,-0.11350594504013987,-0.23334407191247042,171,-0.14304683682055802,0.9960159362549801,9.474103585657371,246,0.47560975609756095,0.10195951198484116,-0.10297975857211947,0.9900927463666191,0.9557464924636531,-0.005508642087711375,9.577235772357724,0.39260349999999994,-0.6983524461870514,-3324.890139845259,0.1642705407480871,0.1649762502846266,-0.08884968175523733,1.2501935491561118,,-0.0051575115096240895,-33649.70120846562,0.04878048780487805,
6,big_candle_maxvol,리더보드(학습 선택),"{""min_ret"": 0.3, ""min_close_pos"": 0.5, ""max_mcap"": 300000000.0}","{""stop_pct"": null, ""target_pct"": null, ""max_hold_days"": 10}",True,기본,학습,2023-11-01,2025-09-17,470,1.1081835295953502,0.4916606882980079,1.3721347623596434,0.7898100414797299,2.3253121946320268,-0.7431749674595606,236,0.6615678808163857,0.9851063829787234,8.393617021276595,399,0.3558897243107769,0.5881239833930553,-0.24836794507771973,2.367954460504227,1.136845552587676,0.049330936733934544,9.862155388471178,16.78475439435178,-0.9139713371384833,110818.35295953475,0.5954822261517272,0.2846494372237305,-0.18755226260622682,1.5981883034563042,4.181744694771279,-0.10381062533780636,-352595.70661229105,0.0,
6,big_candle_maxvol,리더보드(학습 선택),"{""min_ret"": 0.3, ""min_close_pos"": 0.5, ""max_mcap"": 300000000.0}","{""stop_pct"": null, ""target_pct"": null, ""max_hold_days"": 10}",True,기본,검증,2025-09-18,2026-09-17,251,-0.4300652809652947,-0.43134049111738004,1.8084456754362268,0.4432096302157678,0.9054613531601613,-0.866000739939973,137,-0.4980832824083713,0.9960159362549801,9.46215139442231,241,0.2987551867219917,0.6788687550672788,-0.2832638388613347,2.3965951947703545,0.9094595494488084,0.004178263889122491,9.813278008298756,10.576101952953264,-0.9915439670826411,-43006.528096529364,0.1642705407480871,0.1649762502846266,-0.08884968175523733,1.2501935491561118,,-0.16892589088339424,-338190.8667596333,0.0,25-09:-13% 25-10:-15% 25-11:-15% 25-12:-34% 26-01:+74% 26-02:-15% 26-03:+23% 26-04:+234% 26-05:+41% 26-06:-49% 26-07:-33% 26-08:-43% 26-09:-18%
6,big_candle_maxvol,리더보드(학습 선택),"{""min_ret"": 0.3, ""min_close_pos"": 0.5, ""max_mcap"": 300000000.0}","{""stop_pct"": null, ""target_pct"": null, ""max_hold_days"": 10}",True,기본,검증 전반,2025-09-18,2026-03-13,122,-0.20107370933079016,-0.371043769777499,1.8113675424460847,0.37744547278575125,1.4047716727560258,-0.592758878823638,121,-0.6259607119067628,0.9918032786885246,9.262295081967213,118,0.3474576271186441,0.5454428346137491,-0.26578451834059885,2.052199420866088,0.852466519967372,0.016082612770657603,9.491525423728813,7.4058000040879906,-0.8117525088906583,-20107.370933078986,0.005781079897152042,0.01197803168050049,-0.050713544612239314,0.15960507038648797,,-0.13860734531298052,-113545.99384533543,0.0,
6,big_candle_maxvol,리더보드(학습 선택),"{""min_ret"": 0.3, ""min_close_pos"": 0.5, ""max_mcap"": 300000000.0}","{""stop_pct"": null, ""target_pct"": null, ""max_hold_days"": 10}",True,기본,검증 후반,2026-03-16,2026-09-17,129,-0.49191928913731964,-0.7335946370892946,1.718748623979568,0.02878268882719699,0.04878644869356126,-0.9024545611019053,87,-0.8128881704510074,0.9922480620155039,9.418604651162791,125,0.256,0.8272461525063708,-0.31237402563310784,2.6482552473104626,0.8717298649557207,-0.020631260029401317,9.64,10.576101952953264,-0.9915439670826411,-49191.9289137319,0.14591664798755333,0.3048324666446445,-0.055299033326180136,2.0248452496039726,,-0.22787421782562464,-341176.55888430943,0.0,
7,pullback_lowvol,두 기간 + (검증 기대값 상위),"{""surge_pct"": 0.1, ""vol_frac"": 0.3, ""hold_pct"": 0.85}","{""stop_pct"": null, ""target_pct"": null, ""max_hold_days"": 5}",True,기본,학습,2023-11-01,2025-09-17,470,0.6454081930926674,0.3060490628178205,0.6062801362268682,0.7349943196489827,1.4792847031513703,-0.46897620339379265,291,0.6525897489106403,0.997872340425532,9.946808510638299,939,0.42705005324813633,0.21651377227153057,-0.12044597679527907,1.79760070059905,1.1210022432355597,0.023452701986180647,4.968051118210862,9.948076923076925,-0.6415823755302847,64540.819309266895,0.5954822261517272,0.2846494372237305,-0.18755226260622682,1.5981883034563042,2.6382218920186795,-0.020445791192844374,-105732.1831212627,0.0,
7,pullback_lowvol,두 기간 + (검증 기대값 상위),"{""surge_pct"": 0.1, ""vol_frac"": 0.3, ""hold_pct"": 0.85}","{""stop_pct"": null, ""target_pct"": null, ""max_hold_days"": 5}",True,기본,검증,2025-09-18,2026-09-17,251,1.602249447786889,1.6121836188492358,2.54797512943255,0.943097984460303,6.253204056117141,-0.4097097415962976,78,3.934940898812655,0.9960159362549801,9.936254980079681,500,0.392,0.38083701246342916,-0.11626317198472438,3.275646156578858,1.3552695924510292,0.07860010031895182,4.968,25.470782826917453,-0.6520702982867935,160224.94477868846,0.1642705407480871,0.1649762502846266,-0.08884968175523733,1.2501935491561118,2.492718810506671,-0.028626714642963416,-239170.78898354102,0.0,25-09:-7% 25-10:-15% 25-11:-4% 25-12:+17% 26-01:-4% 26-02:+9% 26-03:+4% 26-04:-9% 26-05:+277% 26-06:-16% 26-07:-17% 26-08:+1% 26-09:+11%
7,pullback_lowvol,두 기간 + (검증 기대값 상위),"{""surge_pct"": 0.1, ""vol_frac"": 0.3, ""hold_pct"": 0.85}","{""stop_pct"": null, ""target_pct"": null, ""max_hold_days"": 5}",True,기본,검증 전반,2025-09-18,2026-03-13,122,0.00817406100766771,0.01695767004605475,0.5532667108868016,0.3016294256885412,0.5981748750874791,-0.367924567343343,57,0.046090072670330946,0.9918032786885246,9.918032786885245,250,0.416,0.16363878242966268,-0.10974821247783967,1.4910382477774258,1.0061976144750275,0.003980777403681296,4.8,2.432542159700166,-0.5774893877421069,817.4061007667715,0.005781079897152042,0.01197803168050049,-0.050713544612239314,0.15960507038648797,78.61704190488884,-0.02352632204262456,-63444.64357652671,0.0,
7,pullback_lowvol,두 기간 + (검증 기대값 상위),"{""surge_pct"": 0.1, ""vol_frac"": 0.3, ""hold_pct"": 0.85}","{""stop_pct"": null, ""target_pct"": null, ""max_hold_days"": 5}",True,기본,검증 후반,2026-03-16,2026-09-17,129,-0.4117654095234735,-0.645333885672972,0.6097655425615496,-1.4157824508628842,-2.6400949951914634,-0.45253876654181846,104,-1.4260300628042164,0.9922480620155039,9.914728682170542,260,0.3384615384615385,0.1408740881224246,-0.10184101044670248,1.3832746504037263,0.6982459841256166,-0.01969128477715178,4.880769230769231,1.380787264069573,-0.6482565896596715,-41176.5409523473,0.14591664798755333,0.3048324666446445,-0.055299033326180136,2.0248452496039726,,-0.03208979425472096,-88797.41616558775,0.0,
8,pullback_lowvol,두 기간 + (검증 기대값 상위),"{""surge_pct"": 0.1, ""vol_frac"": 0.3, ""hold_pct"": 0.85}","{""stop_pct"": null, ""target_pct"": 0.4, ""max_hold_days"": 10}",True,기본,학습,2023-11-01,2025-09-17,470,0.8795105671057262,0.40260261284185317,0.39885817931680373,1.0465051022893248,2.0048311862761814,-0.3437295885281545,173,1.1712771500579633,0.997872340425532,9.953191489361702,535,0.4392523364485981,0.26615605154428673,-0.15985977182033778,1.6649345142529828,1.1514122079490163,0.02726867395664684,8.528971962616822,3.35519039183755,-0.6452192395719387,87951.05671057262,0.5954822261517272,0.2846494372237305,-0.18755226260622682,1.5981883034563042,1.5659302131498447,-0.025126086867703908,-49774.160270968336,0.19626168224299065,
8,pullback_lowvol,두 기간 + (검증 기대값 상위),"{""surge_pct"": 0.1, ""vol_frac"": 0.3, ""hold_pct"": 0.85}","{""stop_pct"": null, ""target_pct"": 0.4, ""max_hold_days"": 10}",True,기본,검증,2025-09-18,2026-09-17,251,-0.13432901842083844,-0.13482637891899862,0.6671910043945632,0.0659148998428828,0.18088632592600087,-0.4663640488569386,250,-0.2891011415855467,0.9960159362549801,9.9601593625498,275,0.4109090909090909,0.3823700951481455,-0.17639830005881976,2.1676518142218195,0.9349207143075302,0.05320471324440598,8.901818181818182,18.368548078812395,-0.6571200248113795,-13432.901842083853,0.1642705407480871,0.1649762502846266,-0.08884968175523733,1.2501935491561118,,-0.04562714656066962,-77197.26023573721,0.15272727272727274,25-09:-10% 25-10:-18% 25-11:-3% 25-12:+12% 26-01:+13% 26-02:+2% 26-03:-20% 26-04:+8% 26-05:+4% 26-06:-23% 26-07:-3% 26-08:-11% 26-09:+55%
8,pullback_lowvol,두 기간 + (검증 기대값 상위),"{""surge_pct"": 0.1, ""vol_frac"": 0.3, ""hold_pct"": 0.85}","{""stop_pct"": null, ""target_pct"": 0.4, ""max_hold_days"": 10}",True,기본,검증 전반,2025-09-18,2026-03-13,122,-0.19271717656866294,-0.3573792427394078,0.4212917158939369,-0.8502798686802342,-1.7713084195331903,-0.35479547373217657,121,-1.0072824181775826,0.9918032786885246,9.918032786885245,136,0.4117647058823529,0.2162356576570908,-0.1534232019518185,1.4094064972323945,0.8021013948159584,-0.001210730348149953,8.705882352941176,1.0440771266463202,-0.6571200248113795,-19271.71765686632,0.005781079897152042,0.01197803168050049,-0.050713544612239314,0.15960507038648797,,-0.04355689613830533,-53790.1343833219,0.11764705882352941,
8,pullback_lowvol,두 기간 + (검증 기대값 상위),"{""surge_pct"": 0.1, ""vol_frac"": 0.3, ""hold_pct"": 0.85}","{""stop_pct"": null, ""target_pct"": 0.4, ""max_hold_days"": 10}",True,기본,검증 후반,2026-03-16,2026-09-17,129,0.36279997216149673,0.8306763687348766,0.5727533068549585,1.3292017103212128,3.266809442761765,-0.2426582832135572,65,3.423235167306529,0.9922480620155039,9.922480620155039,146,0.4589041095890411,0.49575284513001255,-0.18122963822925803,2.7354954188170826,1.2785886951010343,0.12944040550410588,8.506849315068493,18.368548078812395,-0.6173674323202605,36279.997216149655,0.14591664798755333,0.3048324666446445,-0.055299033326180136,2.0248452496039726,2.1171283782570534,-0.018802405920708455,-40529.414453247664,0.1917808219178082,
8,pullback_lowvol,두 기간 + (검증 기대값 상위),"{""surge_pct"": 0.1, ""vol_frac"": 0.3, ""hold_pct"": 0.85}","{""stop_pct"": null, ""target_pct"": 0.4, ""max_hold_days"": 10}",True,버퍼3%,학습,2023-11-01,2025-09-17,470,0.7551591784798262,0.35205772824424275,0.39707815237944527,0.9560083118733371,1.9423432206868527,-0.3204382204578463,173,1.0986758313075702,0.997872340425532,9.95531914893617,522,0.43486590038314177,0.24605172366137917,-0.1556178103537032,1.5811282982463835,1.1472324507591658,0.019054573212242604,8.78352490421456,3.35519039183755,-0.6452192395719387,75515.91784798261,0.5954822261517272,0.2846494372237305,-0.18755226260622682,1.5981883034563042,1.7575029209505082,-0.026573723568474414,-57203.528348105436,0.16091954022988506,
8,pullback_lowvol,두 기간 + (검증 기대값 상위),"{""surge_pct"": 0.1, ""vol_frac"": 0.3, ""hold_pct"": 0.85}","{""stop_pct"": null, ""target_pct"": 0.4, ""max_hold_days"": 10}",True,버퍼3%,검증,2025-09-18,2026-09-17,251,-0.19858191358396293,-0.19928842244071665,0.7326325845609454,-0.002576491746404106,-0.0072510919175943,-0.5125550746850875,250,-0.38881367541460576,0.9960159362549801,9.9601593625498,274,0.4051094890510949,0.356973320705067,-0.17045931711166892,2.0941848574414483,0.8944589436937929,0.04320864930314014,8.963503649635037,18.368548078812395,-0.8570432695359301,-19858.191358396307,0.1642705407480871,0.1649762502846266,-0.08884968175523733,1.2501935491561118,,-0.04298575671843401,-82048.95188012022,0.12408759124087591,
8,pullback_lowvol,두 기간 + (검증 기대값 상위),"{""surge_pct"": 0.1, ""vol_frac"": 0.3, ""hold_pct"": 0.85}","{""stop_pct"": null, ""target_pct"": 0.4, ""max_hold_days"": 10}",True,종가확인,학습,2023-11-01,2025-09-17,470,-0.4922253245325161,-0.3046722254495511,0.4128472625590203,-0.6751499595512468,-1.01005476982616,-0.6529443781100192,324,-0.4666128320630318,0.997872340425532,9.953191489361702,507,0.4161735700197239,0.19905300503129225,-0.16288870845079703,1.2220184377692405,0.861878102279482,-0.01225813341189993,9.080867850098619,1.346896503496504,-0.7682081522243228,-49222.53245325172,0.5954822261517272,0.2846494372237305,-0.18755226260622682,1.5981883034563042,,-0.03225968441389274,-113089.05365096242,0.126232741617357,
8,pullback_lowvol,두 기간 + (검증 기대값 상위),"{""surge_pct"": 0.1, ""vol_frac"": 0.3, ""hold_pct"": 0.85}","{""stop_pct"": null, ""target_pct"": 0.4, ""max_hold_days"": 10}",True,종가확인,검증,2025-09-18,2026-09-17,251,-0.5290441539804427,-0.5304548873761753,0.4144942622303075,-1.6230491241666558,-2.9615460601754773,-0.5514946255749058,250,-0.961849604287988,0.9960159362549801,9.95617529880478,266,0.39097744360902253,0.17084081838639836,-0.16104233106342353,1.06084417220163,0.692037211380339,-0.03128350571462096,9.270676691729323,0.41777478866673523,-0.6173674323202606,-52904.41539804424,0.1642705407480871,0.1649762502846266,-0.08884968175523733,1.2501935491561118,,-0.044133402247746034,-82375.36584538885,0.08646616541353383,
9,multiday_runner_day2,두 기간 + (검증 기대값 상위),"{""day1_ret"": 0.5, ""day1_rvol"": 5}","{""stop_pct"": null, ""target_pct"": null, ""max_hold_days"": 3}",False,기본,학습,2023-11-01,2025-09-17,470,-0.2281000222025753,-0.12961064139577538,0.6853242682496857,0.12134283029313987,0.2006423634783023,-0.5854521910512753,226,-0.22138552622552876,0.8680851063829788,2.478723404255319,390,0.37435897435897436,0.3167800664482584,-0.18640591324045286,1.6994099647452192,0.9505872337337592,0.001966274027628781,2.976923076923077,3.0551984134572896,-0.6407019484535851,-22810.002220257506,0.5954822261517272,0.2846494372237305,-0.18755226260622682,1.5981883034563042,,-0.06238023333826995,-183532.25050957338,0.0,
9,multiday_runner_day2,두 기간 + (검증 기대값 상위),"{""day1_ret"": 0.5, ""day1_rvol"": 5}","{""stop_pct"": null, ""target_pct"": null, ""max_hold_days"": 3}",False,기본,검증,2025-09-18,2026-09-17,251,1.151668426134433,1.1582469965396145,1.153660543937557,1.1733558696830082,2.3964083085415226,-0.5818014007429466,77,1.9907944447376038,0.9123505976095617,2.9721115537848606,250,0.412,0.4348925506778804,-0.226076646235637,1.9236509295373971,1.1673737811449287,0.04624266289273217,2.976,3.7209108630996046,-0.9742422398448456,115166.84261344316,0.1642705407480871,0.1649762502846266,-0.08884968175523733,1.2501935491561118,3.500648404787608,-0.0581356580124113,-287991.78126573213,0.0,25-09:-4% 25-10:-14% 25-11:+7% 25-12:+5% 26-01:+25% 26-02:-1% 26-03:+4% 26-04:+19% 26-05:+66% 26-06:+63% 26-07:-21% 26-08:-26% 26-09:-5%
9,multiday_runner_day2,두 기간 + (검증 기대값 상위),"{""day1_ret"": 0.5, ""day1_rvol"": 5}","{""stop_pct"": null, ""target_pct"": null, ""max_hold_days"": 3}",False,기본,검증 전반,2025-09-18,2026-03-13,122,0.2589459252460964,0.6090590936555353,0.6156253024638387,1.0728277027561937,1.933242474392398,-0.2224109008755244,77,2.738440837467784,0.8442622950819673,2.1557377049180326,88,0.5113636363636364,0.2441615799750625,-0.1887136042248173,1.293820766012127,1.3090360983013007,0.032643024059212135,2.977272727272727,0.9618486158050277,-0.6798073062622383,25894.592524609656,0.005781079897152042,0.01197803168050049,-0.050713544612239314,0.15960507038648797,2.2422835377070993,0.003022124570415177,-32168.42600895589,0.0,
9,multiday_runner_day2,두 기간 + (검증 기대값 상위),"{""day1_ret"": 0.5, ""day1_rvol"": 5}","{""stop_pct"": null, ""target_pct"": null, ""max_hold_days"": 3}",False,기본,검증 후반,2026-03-16,2026-09-17,129,0.7190950866881027,1.8817454544533039,1.4991503678232805,1.35473929309887,2.9838454440374846,-0.5814374129873903,41,3.2363680293378603,0.9689922480620154,3.7364341085271318,162,0.35802469135802467,0.5828734762231702,-0.2402900178136652,2.425708240094951,1.1483000040511055,0.05442283807606598,2.962962962962963,3.7209108630996046,-0.9742422398448458,71909.50866881025,0.14591664798755333,0.3048324666446445,-0.055299033326180136,2.0248452496039726,4.5005811677616805,-0.09097111575612296,-251725.07182903268,0.0,
10,big_candle_maxvol,두 기간 승률 ≥ 50%,"{""min_ret"": 0.3, ""min_close_pos"": 0.5, ""max_mcap"": 300000000.0}","{""stop_pct"": null, ""target_pct"": 0.15, ""max_hold_days"": 10}",False,기본,학습,2023-11-01,2025-09-17,470,0.41995093274686535,0.2068253597153038,0.3865274294549329,0.6762497667880151,1.1909634987967754,-0.5204433688255171,286,0.3974022383685009,0.9808510638297873,6.870212765957447,610,0.6327868852459017,0.14602438933003825,-0.24078073758896737,0.6064620899173171,1.069830653984233,0.003984473871255844,4.680327868852459,1.6212056175796232,-0.6597800514205151,41995.093274686384,0.5954822261517272,0.2846494372237305,-0.18755226260622682,1.5981883034563042,1.7735489772515667,0.1388893749999999,-32485.26145221779,0.5983606557377049,
10,big_candle_maxvol,두 기간 승률 ≥ 50%,"{""min_ret"": 0.3, ""min_close_pos"": 0.5, ""max_mcap"": 300000000.0}","{""stop_pct"": null, ""target_pct"": 0.15, ""max_hold_days"": 10}",False,기본,검증,2025-09-18,2026-09-17,251,1.6354439958639944,1.6456384887514082,1.148750463102134,1.2635804472336272,4.943258334736052,-0.3241030273985118,37,5.077516559967081,0.9960159362549801,8.816733067729084,439,0.6378132118451025,0.2058955672337984,-0.2884691016470285,0.7137525858340722,1.1709350792707418,0.026843215634592306,4.403189066059226,10.02347760785231,-0.9343329302298387,163544.39958639976,0.1642705407480871,0.1649762502846266,-0.08884968175523733,1.2501935491561118,1.8621900096718074,0.13888937499999987,-141006.34746116796,0.6173120728929385,25-09:+2% 25-10:+1% 25-11:+20% 25-12:-1% 26-01:+151% 26-02:+9% 26-03:+2% 26-04:-4% 26-05:+7% 26-06:+2% 26-07:-1% 26-08:-22% 26-09:-5%
10,big_candle_maxvol,두 기간 승률 ≥ 50%,"{""min_ret"": 0.3, ""min_close_pos"": 0.5, ""max_mcap"": 300000000.0}","{""stop_pct"": null, ""target_pct"": 0.15, ""max_hold_days"": 10}",False,기본,검증 전반,2025-09-18,2026-03-13,122,2.220539607010991,10.19860910432872,1.5662735621314527,2.09946585684882,12.381573842206972,-0.28335815768072814,18,35.99193751047722,0.9918032786885246,8.827868852459016,222,0.6261261261261262,0.2646645326771335,-0.2461595793158687,1.0751746221402154,1.6978234369032947,0.07368074305812819,4.193693693693693,10.02347760785231,-0.8635604107253474,222053.96070109933,0.005781079897152042,0.01197803168050049,-0.050713544612239314,0.15960507038648797,1.1517835290733822,0.13888937499999987,-33704.13379993496,0.6171171171171171,
10,big_candle_maxvol,두 기간 승률 ≥ 50%,"{""min_ret"": 0.3, ""min_close_pos"": 0.5, ""max_mcap"": 300000000.0}","{""stop_pct"": null, ""target_pct"": 0.15, ""max_hold_days"": 10}",False,기본,검증 후반,2026-03-16,2026-09-17,129,-0.2651226296712499,-0.452161799642546,0.523660435614563,-0.8972695489987824,-1.3734456172217449,-0.33545927876747617,72,-1.3478887849036434,0.9922480620155039,8.5968992248062,218,0.6376146788990825,0.14805770887296402,-0.3103232571436267,0.4771080009786008,0.8731372284599979,-0.018052824683506937,4.440366972477064,1.4374375537147608,-0.9343329302298385,-26512.262967125043,0.14591664798755333,0.3048324666446445,-0.055299033326180136,2.0248452496039726,,0.13888937499999987,-55930.52829478687,0.6055045871559633,
10,big_candle_maxvol,두 기간 승률 ≥ 50%,"{""min_ret"": 0.3, ""min_close_pos"": 0.5, ""max_mcap"": 300000000.0}","{""stop_pct"": null, ""target_pct"": 0.15, ""max_hold_days"": 10}",False,버퍼3%,학습,2023-11-01,2025-09-17,470,-0.5249489683210792,-0.32906915333320674,0.41527947625841327,-0.7587556170234334,-1.2900149799964797,-0.7573603560256466,286,-0.4344948223327172,0.9787234042553191,7.334042553191489,582,0.5807560137457045,0.1466206137887149,-0.24169328052447553,0.6066391811578191,0.8835131346598882,-0.016177651181076277,5.379725085910653,1.6212056175796232,-0.6798536222208053,-52494.896832108134,0.5954822261517272,0.2846494372237305,-0.18755226260622682,1.5981883034563042,,0.13888937499999982,-104382.41808685893,0.5257731958762887,
10,big_candle_maxvol,두 기간 승률 ≥ 50%,"{""min_ret"": 0.3, ""min_close_pos"": 0.5, ""max_mcap"": 300000000.0}","{""stop_pct"": null, ""target_pct"": 0.15, ""max_hold_days"": 10}",False,버퍼3%,검증,2025-09-18,2026-09-17,251,0.09921309312656312,0.09962743244169459,1.164672155351592,0.5042965543219494,1.8864448092276813,-0.5688748101957618,151,0.17513068017093372,0.9960159362549801,8.92430278884462,402,0.5895522388059702,0.21774356134443465,-0.2915759881873943,0.7467815257972892,1.0156033567297198,0.008694492506743708,5.0,10.02347760785231,-0.9343329302298387,9921.309312656507,0.1642705407480871,0.1649762502846266,-0.08884968175523733,1.2501935491561118,21.41063969423061,0.13888937499999984,-202500.26967564464,0.5497512437810945,
10,big_candle_maxvol,두 기간 승률 ≥ 50%,"{""min_ret"": 0.3, ""min_close_pos"": 0.5, ""max_mcap"": 300000000.0}","{""stop_pct"": null, ""target_pct"": 0.15, ""max_hold_days"": 10}",False,종가확인,학습,2023-11-01,2025-09-17,470,-0.9605444377044946,-0.8232843327973339,0.4351267163652843,-3.7585722113364617,-5.272014327653368,-0.9616137926488529,465,-0.856148631697058,0.9808510638297873,7.712765957446808,532,0.4981203007518797,0.1302371878409953,-0.25017181285352963,0.5205909744805921,0.629343946101205,-0.06068236701885084,6.360902255639098,0.14347787500000006,-0.7232235471753671,-96054.44377044946,0.5954822261517272,0.2846494372237305,-0.18755226260622682,1.5981883034563042,,-0.0027760535969322676,-110132.19181903782,0.43609022556390975,
10,big_candle_maxvol,두 기간 승률 ≥ 50%,"{""min_ret"": 0.3, ""min_close_pos"": 0.5, ""max_mcap"": 300000000.0}","{""stop_pct"": null, ""target_pct"": 0.15, ""max_hold_days"": 10}",False,종가확인,검증,2025-09-18,2026-09-17,251,-0.9696520428848139,-0.9700716917203969,0.568054764192383,-5.877997447327658,-9.24077125756803,-0.9696520428848139,250,-1.0004327829128628,0.9960159362549801,9.187250996015937,336,0.4523809523809524,0.14923274827690136,-0.30431051067718295,0.4903962993089307,0.37873417605140286,-0.0991361792455734,6.425595238095238,2.3457079014033724,-0.9564911048298265,-96965.20428848134,0.1642705407480871,0.1649762502846266,-0.08884968175523733,1.2501935491561118,,-0.06226419538531991,-112120.80888468065,0.4107142857142857,
11,big_candle_maxvol,두 기간 승률 ≥ 50%,"{""min_ret"": 0.3, ""min_close_pos"": 0.5, ""max_mcap"": 300000000.0}","{""stop_pct"": null, ""target_pct"": 0.15, ""max_hold_days"": 10}",True,기본,학습,2023-11-01,2025-09-17,470,0.11841578337887992,0.0618413533434079,0.3626140949483825,0.34489551349624514,0.5535028551293717,-0.6136673910220924,286,0.10077340632424377,0.9808510638297873,6.353191489361702,567,0.6313932980599647,0.14478293330025394,-0.2455813971076514,0.5895517128147449,1.0244476097219148,0.0008920249135657244,4.650793650793651,1.6212056175796232,-0.6597800514205151,11841.57833788763,0.5954822261517272,0.2846494372237305,-0.18755226260622682,1.5981883034563042,3.918853835136045,0.1388893749999999,-34563.83634560712,0.599647266313933,
11,big_candle_maxvol,두 기간 승률 ≥ 50%,"{""min_ret"": 0.3, ""min_close_pos"": 0.5, ""max_mcap"": 300000000.0}","{""stop_pct"": null, ""target_pct"": 0.15, ""max_hold_days"": 10}",True,기본,검증,2025-09-18,2026-09-17,251,1.5518218930265832,1.5613638563056238,1.1497307930306029,1.2345807312531225,4.854703891638152,-0.25802886849828455,61,6.051120812150537,0.9960159362549801,8.50996015936255,434,0.6405529953917051,0.21043727984446378,-0.28981988538990755,0.7260967602735512,1.1720852479669148,0.03062134026713214,4.276497695852535,10.02347760785231,-0.9343329302298387,155182.18930265892,0.1642705407480871,0.1649762502846266,-0.08884968175523733,1.2501935491561118,1.908399291163826,0.1388893749999999,-140967.39076378598,0.6290322580645161,25-09:+2% 25-10:-2% 25-11:+22% 25-12:+1% 26-01:+151% 26-02:+3% 26-03:-4% 26-04:-4% 26-05:+5% 26-06:+4% 26-07:-2% 26-08:-15% 26-09:-4%
11,big_candle_maxvol,두 기간 승률 ≥ 50%,"{""min_ret"": 0.3, ""min_close_pos"": 0.5, ""max_mcap"": 300000000.0}","{""stop_pct"": null, ""target_pct"": 0.15, ""max_hold_days"": 10}",True,기본,검증 전반,2025-09-18,2026-03-13,122,2.1075960988773637,9.402537037640412,1.5704687766907974,2.0494231204541054,12.417807305609974,-0.2536585914094325,18,37.067686079134994,0.9918032786885246,8.581967213114755,214,0.6214953271028038,0.27120120780640805,-0.24398304348068042,1.1115576063706365,1.6764485692806304,0.07620156129120165,4.233644859813084,10.02347760785231,-0.8635604107253477,210759.60988773662,0.005781079897152042,0.01197803168050049,-0.050713544612239314,0.15960507038648797,1.2067527080221319,0.13888937499999987,-43575.1200859776,0.616822429906542,
11,big_candle_maxvol,두 기간 승률 ≥ 50%,"{""min_ret"": 0.3, ""min_close_pos"": 0.5, ""max_mcap"": 300000000.0}","{""stop_pct"": null, ""target_pct"": 0.15, ""max_hold_days"": 10}",True,기본,검증 후반,2026-03-16,2026-09-17,129,-0.20531331489834648,-0.3616866574626302,0.5035786204513799,-0.6483551137399904,-0.991649679771228,-0.2708696689599043,121,-1.3352792833965075,0.9922480620155039,8.248062015503876,218,0.6422018348623854,0.15516850559649045,-0.31277767754069974,0.4960984006804622,0.8975158014562279,-0.01226178011314642,4.224770642201835,1.4374375537147608,-0.9343329302298389,-20531.33148983463,0.14591664798755333,0.3048324666446445,-0.055299033326180136,2.0248452496039726,,0.13888937499999987,-50147.45276638823,0.6238532110091743,
11,big_candle_maxvol,두 기간 승률 ≥ 50%,"{""min_ret"": 0.3, ""min_close_pos"": 0.5, ""max_mcap"": 300000000.0}","{""stop_pct"": null, ""target_pct"": 0.15, ""max_hold_days"": 10}",True,버퍼3%,학습,2023-11-01,2025-09-17,470,-0.6081944526701284,-0.39491474966417783,0.39028736417335547,-1.0950235878331271,-1.7105115329924314,-0.8089124234815349,286,-0.4882045796311009,0.9787234042553191,6.8446808510638295,546,0.5732600732600732,0.1457648017422444,-0.24263003480040332,0.6007698175625951,0.8388455262646103,-0.019978782350130918,5.346153846153846,1.6212056175796234,-0.6798536222208054,-60819.44526701275,0.5954822261517272,0.2846494372237305,-0.18755226260622682,1.5981883034563042,,0.13888937499999984,-94743.38736137573,0.5274725274725275,
11,big_candle_maxvol,두 기간 승률 ≥ 50%,"{""min_ret"": 0.3, ""min_close_pos"": 0.5, ""max_mcap"": 300000000.0}","{""stop_pct"": null, ""target_pct"": 0.15, ""max_hold_days"": 10}",True,버퍼3%,검증,2025-09-18,2026-09-17,251,0.27014854211428263,0.27135922041138727,1.1683252428801942,0.6288476266650254,2.3929969824776784,-0.49927808797441087,151,0.5435031637625063,0.9960159362549801,8.713147410358566,404,0.599009900990099,0.2207203787227851,-0.28904440282822075,0.7636210096549053,1.0431670072181216,0.0163097484968867,4.824257425742574,10.02347760785231,-0.9343329302298387,27014.85421142826,0.1642705407480871,0.1649762502846266,-0.08884968175523733,1.2501935491561118,7.868491867109763,0.13888937499999987,-185551.30644235134,0.5717821782178217,
11,big_candle_maxvol,두 기간 승률 ≥ 50%,"{""min_ret"": 0.3, ""min_close_pos"": 0.5, ""max_mcap"": 300000000.0}","{""stop_pct"": null, ""target_pct"": 0.15, ""max_hold_days"": 10}",True,종가확인,학습,2023-11-01,2025-09-17,470,-0.9520064264360337,-0.8037138503908067,0.43989908460618876,-3.4752899405540227,-4.8030988698803005,-0.9571573413792558,465,-0.83968833089935,0.9808510638297873,7.274468085106383,502,0.4940239043824701,0.13272890033279613,-0.24914512008379527,0.532737307028752,0.5875222609515633,-0.060490225535359675,6.3585657370517925,0.7274968657797494,-0.6798536222208054,-95200.64264360348,0.5954822261517272,0.2846494372237305,-0.18755226260622682,1.5981883034563042,,-0.007097841655151714,-108508.24187344797,0.4342629482071713,
11,big_candle_maxvol,두 기간 승률 ≥ 50%,"{""min_ret"": 0.3, ""min_close_pos"": 0.5, ""max_mcap"": 300000000.0}","{""stop_pct"": null, ""target_pct"": 0.15, ""max_hold_days"": 10}",True,종가확인,검증,2025-09-18,2026-09-17,251,-0.973347651425475,-0.9737297918195926,0.5772095903058599,-5.997920981150641,-9.603725806464409,-0.9746764675046496,250,-0.9990287282840832,0.9960159362549801,9.0597609561753,332,0.4427710843373494,0.15038512088707273,-0.3045310859694846,0.49382518834921835,0.3589419587645314,-0.10310734377697277,6.412650602409639,2.3457079014033724,-0.9343329302298388,-97334.76514254746,0.1642705407480871,0.1649762502846266,-0.08884968175523733,1.2501935491561118,,-0.07962779316048033,-111951.63231289532,0.40963855421686746,
12,warrior_scanner,두 기간 승률 ≥ 50%,"{""min_ret"": 0.1, ""min_rvol"": 5, ""min_close_pos"": 0.5}","{""stop_pct"": null, ""target_pct"": 0.15, ""max_hold_days"": 10}",False,기본,학습,2023-11-01,2025-09-17,470,1.086899857715323,0.4835672782788403,0.39320034343218707,1.1957203512438528,2.2822127164816712,-0.2754087278287203,164,1.7558168257455373,0.9957446808510638,9.646808510638298,746,0.6032171581769437,0.14212099479480103,-0.19774102988755654,0.7187228410594236,1.1763886758634905,0.007269574813597493,5.540214477211796,2.135717138048414,-0.736577466803137,108689.98577153237,0.5954822261517272,0.2846494372237305,-0.18755226260622682,1.5981883034563042,0.8943398962491241,0.1388893749999998,11484.195173301327,0.5241286863270778,
12,warrior_scanner,두 기간 승률 ≥ 50%,"{""min_ret"": 0.1, ""min_rvol"": 5, ""min_close_pos"": 0.5}","{""stop_pct"": null, ""target_pct"": 0.15, ""max_hold_days"": 10}",False,기본,검증,2025-09-18,2026-09-17,251,1.7836325774157324,1.7950093991334604,1.0846455276152323,1.3095903300038785,7.113083291697191,-0.23081667168343278,73,7.776775334475547,0.9960159362549801,9.776892430278885,425,0.611764705882353,0.17818893452113385,-0.21277669117237757,0.8374457443591741,1.3227976728234683,0.026402279840123555,5.207058823529412,10.02347760785231,-0.9194738152470284,178363.25774157344,0.1642705407480871,0.1649762502846266,-0.08884968175523733,1.2501935491561118,1.022404204373703,0.13888937499999982,-3996.08687920167,0.5435294117647059,25-09:+3% 25-10:-4% 25-11:-2% 25-12:-2% 26-01:+149% 26-02:+3% 26-03:+13% 26-04:+2% 26-05:+10% 26-06:+0% 26-07:-10% 26-08:+5% 26-09:-5%
12,warrior_scanner,두 기간 승률 ≥ 50%,"{""min_ret"": 0.1, ""min_rvol"": 5, ""min_close_pos"": 0.5}","{""stop_pct"": null, ""target_pct"": 0.15, ""max_hold_days"": 10}",False,기본,검증 전반,2025-09-18,2026-03-13,122,1.4970286887670774,5.620756622344314,1.514101455693009,1.7440829658608232,14.4091092846481,-0.23081667168343278,51,24.35160589289336,0.9918032786885246,9.704918032786885,205,0.6,0.22966759230245737,-0.19916684106747,1.1531417131060229,1.742052697618325,0.05813381895448644,5.2,10.02347760785231,-0.9194738152470284,149702.86887670774,0.005781079897152042,0.01197803168050049,-0.050713544612239314,0.15960507038648797,1.1524743407786422,0.13888937499999982,-22825.846244647517,0.5317073170731708,
12,warrior_scanner,두 기간 승률 ≥ 50%,"{""min_ret"": 0.1, ""min_rvol"": 5, ""min_close_pos"": 0.5}","{""stop_pct"": null, ""target_pct"": 0.15, ""max_hold_days"": 10}",False,기본,검증 후반,2026-03-16,2026-09-17,129,-0.1609106594050268,-0.2901604183421125,0.38901456246521976,-0.6935971905260618,-1.076718566023518,-0.24259556092955148,73,-1.196066478835421,0.9922480620155039,9.643410852713178,215,0.5906976744186047,0.13060126437139338,-0.2163846563226633,0.6035606525475934,0.8902782218752524,-0.01142087991268562,5.213953488372093,0.19756707897931916,-0.8077369505494505,-16091.065940502793,0.14591664798755333,0.3048324666446445,-0.055299033326180136,2.0248452496039726,,0.1388893749999998,-31573.294810935688,0.5255813953488372,
12,warrior_scanner,두 기간 승률 ≥ 50%,"{""min_ret"": 0.1, ""min_rvol"": 5, ""min_close_pos"": 0.5}","{""stop_pct"": null, ""target_pct"": 0.15, ""max_hold_days"": 10}",False,버퍼3%,학습,2023-11-01,2025-09-17,470,-0.21270845885354706,-0.12034779701523501,0.42474608614909776,-0.09708910929308688,-0.17530723825338498,-0.5693300464379727,227,-0.21138493878584827,0.9957446808510638,9.65531914893617,679,0.5670103092783505,0.14456498538858092,-0.2019527275335392,0.7158357658951269,0.9502146246841536,-0.005473611959141219,6.215022091310751,2.135717138048414,-0.7929207319423967,-21270.845885354673,0.5954822261517272,0.2846494372237305,-0.18755226260622682,1.5981883034563042,,0.054064718113079106,-87199.54781761148,0.4536082474226804,
12,warrior_scanner,두 기간 승률 ≥ 50%,"{""min_ret"": 0.1, ""min_rvol"": 5, ""min_close_pos"": 0.5}","{""stop_pct"": null, ""target_pct"": 0.15, ""max_hold_days"": 10}",False,버퍼3%,검증,2025-09-18,2026-09-17,251,0.645403319322982,0.6486710500854997,1.0749576302121404,0.8235398604866072,4.0277473610261,-0.3364471475949028,86,1.9280028222041232,0.9960159362549801,9.824701195219124,384,0.5546875,0.18778886250046134,-0.2045301687107837,0.9181474971841663,1.142564157750289,0.013084293914203786,5.9375,10.023477607852309,-0.9194738152470284,64540.33193229824,0.1642705407480871,0.1649762502846266,-0.08884968175523733,1.2501935491561118,2.5055919385875085,0.052511395358564486,-97171.40347103003,0.4583333333333333,
12,warrior_scanner,두 기간 승률 ≥ 50%,"{""min_ret"": 0.1, ""min_rvol"": 5, ""min_close_pos"": 0.5}","{""stop_pct"": null, ""target_pct"": 0.15, ""max_hold_days"": 10}",False,종가확인,학습,2023-11-01,2025-09-17,470,-0.9406431221391705,-0.7800258179508239,0.40870348076913754,-3.4950845630629224,-4.780494982657975,-0.9498996332343206,426,-0.8211665639820367,0.9957446808510638,9.708510638297872,616,0.5,0.12106690907946108,-0.21806658318796301,0.5551832257357248,0.5858246075681686,-0.04849983705425098,7.00487012987013,0.3899424669986279,-0.7929207319423965,-94064.31221391702,0.5954822261517272,0.2846494372237305,-0.18755226260622682,1.5981883034563042,,-0.0003971007365251341,-109319.77851135805,0.38636363636363635,
12,warrior_scanner,두 기간 승률 ≥ 50%,"{""min_ret"": 0.1, ""min_rvol"": 5, ""min_close_pos"": 0.5}","{""stop_pct"": null, ""target_pct"": 0.15, ""max_hold_days"": 10}",False,종가확인,검증,2025-09-18,2026-09-17,251,-0.9199489305260383,-0.9207502167295861,0.43375731328465267,-5.620851695170182,-8.5219692117435,-0.921308937104977,250,-0.9993935580640881,0.9960159362549801,9.832669322709163,334,0.437125748502994,0.12648934946183887,-0.23710325648963873,0.5334779088846735,0.4660547853512896,-0.07816756646294494,7.020958083832335,0.44359140890064647,-0.9194738152470284,-91994.89305260383,0.1642705407480871,0.1649762502846266,-0.08884968175523733,1.2501935491561118,,-0.038456065600532593,-105604.94099973561,0.3383233532934132,
13,warrior_scanner,두 기간 승률 ≥ 50%,"{""min_ret"": 0.1, ""min_rvol"": 5, ""min_close_pos"": 0.5}","{""stop_pct"": null, ""target_pct"": 0.15, ""max_hold_days"": 10}",True,기본,학습,2023-11-01,2025-09-17,470,0.8215716993737341,0.37925171345942066,0.36977341475261916,1.0521144759939933,1.915165443856132,-0.3312077556856975,164,1.1450568621929098,0.9936170212765958,9.372340425531915,729,0.5994513031550068,0.14636389294818725,-0.2062012186155348,0.7098109988432457,1.131658156685615,0.00514439695832877,5.497942386831276,2.135717138048414,-0.736577466803137,82157.16993737331,0.5954822261517272,0.2846494372237305,-0.18755226260622682,1.5981883034563042,1.4018826698739404,0.13888937499999982,-33017.54280371859,0.5308641975308642,
13,warrior_scanner,두 기간 승률 ≥ 50%,"{""min_ret"": 0.1, ""min_rvol"": 5, ""min_close_pos"": 0.5}","{""stop_pct"": null, ""target_pct"": 0.15, ""max_hold_days"": 10}",True,기본,검증,2025-09-18,2026-09-17,251,1.2326862742519817,1.2398423626794095,1.060892088499343,1.1157729551563451,5.613348443156182,-0.23442301057259718,73,5.288910673278166,0.9960159362549801,9.601593625498008,424,0.6179245283018868,0.18006325016451216,-0.22630250173299507,0.7956750313655893,1.2268869403383704,0.024800863826313652,5.110849056603773,10.02347760785231,-0.9069865121900799,123268.62742519828,0.1642705407480871,0.1649762502846266,-0.08884968175523733,1.2501935491561118,1.4285047838637392,0.13888937499999984,-52821.196552014415,0.5495283018867925,25-09:+3% 25-10:-3% 25-11:-2% 25-12:-3% 26-01:+143% 26-02:+2% 26-03:+5% 26-04:+5% 26-05:+8% 26-06:-5% 26-07:-9% 26-08:-3% 26-09:-4%
13,warrior_scanner,두 기간 승률 ≥ 50%,"{""min_ret"": 0.1, ""min_rvol"": 5, ""min_close_pos"": 0.5}","{""stop_pct"": null, ""target_pct"": 0.15, ""max_hold_days"": 10}",True,기본,검증 전반,2025-09-18,2026-03-13,122,1.4207356577115435,5.209714186484192,1.4793254868813734,1.722584152932722,12.919070482764532,-0.22690599843230297,51,22.959790496849738,0.9918032786885246,9.573770491803279,199,0.5979899497487438,0.2314078438854852,-0.187176557424038,1.2363078318683023,1.7776781239947392,0.06313270768065171,5.306532663316583,10.02347760785231,-0.6494292701025653,142073.56577115445,0.005781079897152042,0.01197803168050049,-0.050713544612239314,0.15960507038648797,1.1821953446362272,0.1388893749999998,-25885.14227937316,0.5175879396984925,
13,warrior_scanner,두 기간 승률 ≥ 50%,"{""min_ret"": 0.1, ""min_rvol"": 5, ""min_close_pos"": 0.5}","{""stop_pct"": null, ""target_pct"": 0.15, ""max_hold_days"": 10}",True,기본,검증 후반,2026-03-16,2026-09-17,129,-0.19586408820791523,-0.34677590429822924,0.39553901069864156,-0.8869537095389979,-1.334355528477861,-0.300986584051543,81,-1.1521307681901363,0.9922480620155039,9.364341085271318,221,0.6153846153846154,0.1369145108137987,-0.25606339551384055,0.5346898979413023,0.8771842056603905,-0.014230837773754834,4.864253393665158,0.5681770411555521,-0.9069865121900801,-19586.408820791563,0.14591664798755333,0.3048324666446445,-0.055299033326180136,2.0248452496039726,,0.13888937499999984,-40255.524468308475,0.5565610859728507,
13,warrior_scanner,두 기간 승률 ≥ 50%,"{""min_ret"": 0.1, ""min_rvol"": 5, ""min_close_pos"": 0.5}","{""stop_pct"": null, ""target_pct"": 0.15, ""max_hold_days"": 10}",True,버퍼3%,학습,2023-11-01,2025-09-17,470,-0.42710203845711125,-0.25819758629538025,0.3973055230693443,-0.5583765627513554,-0.958759252866005,-0.558455122935543,423,-0.4623425870608075,0.9936170212765958,9.414893617021276,663,0.5535444947209653,0.14510592756200819,-0.20708184526775913,0.7007177639082006,0.8927987854398299,-0.01213024250980348,6.205128205128205,2.135717138048414,-0.7929207319423967,-42710.203845711156,0.5954822261517272,0.2846494372237305,-0.18755226260622682,1.5981883034563042,,0.05118594989946228,-96875.8854948821,0.4539969834087481,
13,warrior_scanner,두 기간 승률 ≥ 50%,"{""min_ret"": 0.1, ""min_rvol"": 5, ""min_close_pos"": 0.5}","{""stop_pct"": null, ""target_pct"": 0.15, ""max_hold_days"": 10}",True,버퍼3%,검증,2025-09-18,2026-09-17,251,0.38495358246760447,0.3867516935732662,1.0809167034963367,0.6663072772910733,2.82830249637027,-0.42215531446499677,164,0.9161360293744069,0.9960159362549801,9.661354581673306,389,0.5655526992287918,0.18855013838393941,-0.22194375923070153,0.8495401674617451,1.0834850209530908,0.010212172582205917,5.727506426735219,10.02347760785231,-0.9194738152470284,38495.35824676062,0.1642705407480871,0.1649762502846266,-0.08884968175523733,1.2501935491561118,4.305856908207629,0.09236073570289462,-127260.1459939811,0.480719794344473,
13,warrior_scanner,두 기간 승률 ≥ 50%,"{""min_ret"": 0.1, ""min_rvol"": 5, ""min_close_pos"": 0.5}","{""stop_pct"": null, ""target_pct"": 0.15, ""max_hold_days"": 10}",True,종가확인,학습,2023-11-01,2025-09-17,470,-0.9469564199700071,-0.7928971325489836,0.4217873417745397,-3.5163727790744095,-4.873510511380095,-0.9510025303431753,426,-0.8337487096515523,0.9936170212765958,9.493617021276595,605,0.48925619834710743,0.12437397276751586,-0.22341376293071336,0.5566979005052951,0.5719069324049088,-0.05325645753124918,6.966942148760331,0.3899424669986279,-0.7929207319423965,-94695.64199700084,0.5954822261517272,0.2846494372237305,-0.18755226260622682,1.5981883034563042,,-0.006993006993006814,-108871.43345251367,0.39173553719008264,
13,warrior_scanner,두 기간 승률 ≥ 50%,"{""min_ret"": 0.1, ""min_rvol"": 5, ""min_close_pos"": 0.5}","{""stop_pct"": null, ""target_pct"": 0.15, ""max_hold_days"": 10}",True,종가확인,검증,2025-09-18,2026-09-17,251,-0.9227570939904922,-0.9235411499138512,0.4381198373193923,-5.641064357000587,-8.027770938435914,-0.922819920805431,250,-1.0007815491323493,0.9960159362549801,9.717131474103585,331,0.44410876132930516,0.12637626355767737,-0.2424570829853628,0.5212314773468867,0.456508974771546,-0.07865496231519091,7.0,0.4435914089006464,-0.9194738152470283,-92275.70939904923,0.1642705407480871,0.1649762502846266,-0.08884968175523733,1.2501935491561118,,-0.04931244051061468,-105885.75734618094,0.338368580060423,
