screen,params,exclude_earnings,n,mean_net,win
big_candle_maxvol,"{""min_ret"": 0.1, ""min_close_pos"": 0.5, ""max_mcap"": 300000000.0}",False,2108,-0.0090147886673287,0.3681214421252372
big_candle_maxvol,"{""min_ret"": 0.1, ""min_close_pos"": 0.5, ""max_mcap"": 300000000.0}",True,1882,-0.0118404476964092,0.3506907545164718
big_candle_maxvol,"{""min_ret"": 0.1, ""min_close_pos"": 0.5, ""max_mcap"": 2000000000.0}",False,5336,-0.0093812055947414,0.3958020989505247
big_candle_maxvol,"{""min_ret"": 0.1, ""min_close_pos"": 0.5, ""max_mcap"": 2000000000.0}",True,4289,-0.0110605201383114,0.3774772674283049
big_candle_maxvol,"{""min_ret"": 0.1, ""min_close_pos"": 0.8, ""max_mcap"": 300000000.0}",False,986,-0.0145641197100696,0.3620689655172414
big_candle_maxvol,"{""min_ret"": 0.1, ""min_close_pos"": 0.8, ""max_mcap"": 300000000.0}",True,853,-0.0192449344546479,0.3376318874560375
big_candle_maxvol,"{""min_ret"": 0.1, ""min_close_pos"": 0.8, ""max_mcap"": 2000000000.0}",False,2874,-0.0092085522902364,0.406054279749478
big_candle_maxvol,"{""min_ret"": 0.1, ""min_close_pos"": 0.8, ""max_mcap"": 2000000000.0}",True,2271,-0.0118142194032895,0.3839718185821224
big_candle_maxvol,"{""min_ret"": 0.2, ""min_close_pos"": 0.5, ""max_mcap"": 300000000.0}",False,1243,-0.0041564075798549,0.3628318584070796
big_candle_maxvol,"{""min_ret"": 0.2, ""min_close_pos"": 0.5, ""max_mcap"": 300000000.0}",True,1108,-0.0057252722566024,0.3474729241877256
big_candle_maxvol,"{""min_ret"": 0.2, ""min_close_pos"": 0.5, ""max_mcap"": 2000000000.0}",False,2514,-0.0070693892277607,0.3778838504375497
big_candle_maxvol,"{""min_ret"": 0.2, ""min_close_pos"": 0.5, ""max_mcap"": 2000000000.0}",True,2023,-0.0077855587008849,0.356401384083045
big_candle_maxvol,"{""min_ret"": 0.2, ""min_close_pos"": 0.8, ""max_mcap"": 300000000.0}",False,539,-0.0109802331050862,0.3617810760667903
big_candle_maxvol,"{""min_ret"": 0.2, ""min_close_pos"": 0.8, ""max_mcap"": 300000000.0}",True,459,-0.0131951382527657,0.3442265795206972
big_candle_maxvol,"{""min_ret"": 0.2, ""min_close_pos"": 0.8, ""max_mcap"": 2000000000.0}",False,1236,-0.0069008304358489,0.395631067961165
big_candle_maxvol,"{""min_ret"": 0.2, ""min_close_pos"": 0.8, ""max_mcap"": 2000000000.0}",True,940,-0.0090032309488937,0.3659574468085106
big_candle_maxvol,"{""min_ret"": 0.3, ""min_close_pos"": 0.5, ""max_mcap"": 300000000.0}",False,774,0.0109728445622549,0.375968992248062
big_candle_maxvol,"{""min_ret"": 0.3, ""min_close_pos"": 0.5, ""max_mcap"": 300000000.0}",True,701,0.0114872515899477,0.3666191155492154
big_candle_maxvol,"{""min_ret"": 0.3, ""min_close_pos"": 0.5, ""max_mcap"": 2000000000.0}",False,1409,0.0028260362541005,0.3839602555003548
big_candle_maxvol,"{""min_ret"": 0.3, ""min_close_pos"": 0.5, ""max_mcap"": 2000000000.0}",True,1191,0.0032720271142647,0.3669185558354324
big_candle_maxvol,"{""min_ret"": 0.3, ""min_close_pos"": 0.8, ""max_mcap"": 300000000.0}",False,312,-0.0026334156753222,0.3717948717948718
big_candle_maxvol,"{""min_ret"": 0.3, ""min_close_pos"": 0.8, ""max_mcap"": 300000000.0}",True,271,-0.0017196878931943,0.3579335793357933
big_candle_maxvol,"{""min_ret"": 0.3, ""min_close_pos"": 0.8, ""max_mcap"": 2000000000.0}",False,638,-0.0037224612949662,0.3996865203761755
big_candle_maxvol,"{""min_ret"": 0.3, ""min_close_pos"": 0.8, ""max_mcap"": 2000000000.0}",True,500,-0.004200350045974,0.374
first_green_day,"{""min_ret"": 0.1, ""min_close_pos"": 0.6, ""beaten"": 0.5}",False,331,0.0082111532517285,0.3262839879154078
first_green_day,"{""min_ret"": 0.1, ""min_close_pos"": 0.6, ""beaten"": 0.5}",True,316,0.0083155217851502,0.3196202531645569
first_green_day,"{""min_ret"": 0.1, ""min_close_pos"": 0.6, ""beaten"": 0.7}",False,719,0.0060375051171513,0.3365785813630041
first_green_day,"{""min_ret"": 0.1, ""min_close_pos"": 0.6, ""beaten"": 0.7}",True,649,0.0074275414257141,0.3328197226502311
first_green_day,"{""min_ret"": 0.1, ""min_close_pos"": 0.8, ""beaten"": 0.5}",False,159,0.0374866083454622,0.3459119496855345
first_green_day,"{""min_ret"": 0.1, ""min_close_pos"": 0.8, ""beaten"": 0.5}",True,152,0.0384106627402681,0.3355263157894737
first_green_day,"{""min_ret"": 0.1, ""min_close_pos"": 0.8, ""beaten"": 0.7}",False,348,0.021768485781972,0.3563218390804598
first_green_day,"{""min_ret"": 0.1, ""min_close_pos"": 0.8, ""beaten"": 0.7}",True,309,0.0242602997070425,0.3527508090614886
first_green_day,"{""min_ret"": 0.15, ""min_close_pos"": 0.6, ""beaten"": 0.5}",False,293,0.0005671158966123,0.3174061433447099
first_green_day,"{""min_ret"": 0.15, ""min_close_pos"": 0.6, ""beaten"": 0.5}",True,278,0.0002733025737148,0.3093525179856115
first_green_day,"{""min_ret"": 0.15, ""min_close_pos"": 0.6, ""beaten"": 0.7}",False,635,0.0021343252714161,0.3307086614173228
first_green_day,"{""min_ret"": 0.15, ""min_close_pos"": 0.6, ""beaten"": 0.7}",True,569,0.0032133045565141,0.3251318101933216
first_green_day,"{""min_ret"": 0.15, ""min_close_pos"": 0.8, ""beaten"": 0.5}",False,141,0.0325780231406894,0.3404255319148936
first_green_day,"{""min_ret"": 0.15, ""min_close_pos"": 0.8, ""beaten"": 0.5}",True,134,0.0333697856151454,0.3283582089552239
first_green_day,"{""min_ret"": 0.15, ""min_close_pos"": 0.8, ""beaten"": 0.7}",False,300,0.0210830854913278,0.3533333333333333
first_green_day,"{""min_ret"": 0.15, ""min_close_pos"": 0.8, ""beaten"": 0.7}",True,265,0.0235452480905616,0.3471698113207547
first_green_day,"{""min_ret"": 0.3, ""min_close_pos"": 0.6, ""beaten"": 0.5}",False,208,-0.0149185282262931,0.3173076923076923
first_green_day,"{""min_ret"": 0.3, ""min_close_pos"": 0.6, ""beaten"": 0.5}",True,196,-0.0153422336780217,0.3112244897959184
first_green_day,"{""min_ret"": 0.3, ""min_close_pos"": 0.6, ""beaten"": 0.7}",False,412,-0.0109810597160933,0.3228155339805825
first_green_day,"{""min_ret"": 0.3, ""min_close_pos"": 0.6, ""beaten"": 0.7}",True,362,-0.0106852825603585,0.3149171270718232
first_green_day,"{""min_ret"": 0.3, ""min_close_pos"": 0.8, ""beaten"": 0.5}",False,94,0.0133626556680015,0.351063829787234
first_green_day,"{""min_ret"": 0.3, ""min_close_pos"": 0.8, ""beaten"": 0.5}",True,89,0.0149135118514137,0.348314606741573
first_green_day,"{""min_ret"": 0.3, ""min_close_pos"": 0.8, ""beaten"": 0.7}",False,196,-0.0033648775737128,0.3571428571428571
first_green_day,"{""min_ret"": 0.3, ""min_close_pos"": 0.8, ""beaten"": 0.7}",True,170,-0.0035056464500807,0.3529411764705882
kr_screener_basic,"{""min_ret"": 0.05, ""min_rvol"": 2, ""max_rsi"": 70}",False,11560,-0.008913734328579,0.4053633217993079
kr_screener_basic,"{""min_ret"": 0.05, ""min_rvol"": 2, ""max_rsi"": 70}",True,10124,-0.0095704023712069,0.3982615566969577
kr_screener_basic,"{""min_ret"": 0.05, ""min_rvol"": 2, ""max_rsi"": 80}",False,16671,-0.0091105313949827,0.4084937916141803
kr_screener_basic,"{""min_ret"": 0.05, ""min_rvol"": 2, ""max_rsi"": 80}",True,14524,-0.010008292745629,0.4005095015147342
kr_screener_basic,"{""min_ret"": 0.05, ""min_rvol"": 4, ""max_rsi"": 70}",False,3980,-0.0139982506142102,0.3881909547738693
kr_screener_basic,"{""min_ret"": 0.05, ""min_rvol"": 4, ""max_rsi"": 70}",True,3488,-0.0157618083644944,0.375
kr_screener_basic,"{""min_ret"": 0.05, ""min_rvol"": 4, ""max_rsi"": 80}",False,6138,-0.01182013732361,0.3978494623655914
kr_screener_basic,"{""min_ret"": 0.05, ""min_rvol"": 4, ""max_rsi"": 80}",True,5222,-0.0142084193037506,0.3829950210647261
kr_screener_basic,"{""min_ret"": 0.1, ""min_rvol"": 2, ""max_rsi"": 70}",False,6134,-0.0111260702906695,0.3961525921095533
kr_screener_basic,"{""min_ret"": 0.1, ""min_rvol"": 2, ""max_rsi"": 70}",True,5303,-0.0124334106468738,0.3841221949839713
kr_screener_basic,"{""min_ret"": 0.1, ""min_rvol"": 2, ""max_rsi"": 80}",False,9374,-0.0105517095268425,0.405163217409857
kr_screener_basic,"{""min_ret"": 0.1, ""min_rvol"": 2, ""max_rsi"": 80}",True,7990,-0.0122250598745385,0.3923654568210263
kr_screener_basic,"{""min_ret"": 0.1, ""min_rvol"": 4, ""max_rsi"": 70}",False,2942,-0.0143437894133742,0.3834126444595513
kr_screener_basic,"{""min_ret"": 0.1, ""min_rvol"": 4, ""max_rsi"": 70}",True,2578,-0.0162796073339599,0.3688906128782001
kr_screener_basic,"{""min_ret"": 0.1, ""min_rvol"": 4, ""max_rsi"": 80}",False,4778,-0.0115156575000215,0.3955629970699037
kr_screener_basic,"{""min_ret"": 0.1, ""min_rvol"": 4, ""max_rsi"": 80}",True,4034,-0.0142209359460901,0.3787803668815072
pullback_ma,"{""surge_pct"": 0.1, ""ma"": ""sma5"", ""vol_frac"": 0.3}",False,4780,-0.0021606657465247,0.3824267782426778
pullback_ma,"{""surge_pct"": 0.1, ""ma"": ""sma5"", ""vol_frac"": 0.3}",True,4738,-0.002206513984302,0.3818066694807935
pullback_ma,"{""surge_pct"": 0.1, ""ma"": ""sma5"", ""vol_frac"": 0.5}",False,5125,-0.001699693409916,0.384390243902439
pullback_ma,"{""surge_pct"": 0.1, ""ma"": ""sma5"", ""vol_frac"": 0.5}",True,5071,-0.0020907995516263,0.383356339972392
pullback_ma,"{""surge_pct"": 0.1, ""ma"": ""sma10"", ""vol_frac"": 0.3}",False,3550,0.0023175109835936,0.4053521126760563
pullback_ma,"{""surge_pct"": 0.1, ""ma"": ""sma10"", ""vol_frac"": 0.3}",True,3508,0.0025739744565355,0.4059293044469783
pullback_ma,"{""surge_pct"": 0.1, ""ma"": ""sma10"", ""vol_frac"": 0.5}",False,3784,0.0027550665544768,0.4056553911205074
pullback_ma,"{""surge_pct"": 0.1, ""ma"": ""sma10"", ""vol_frac"": 0.5}",True,3727,0.0024207249288496,0.405688221089348
pullback_ma,"{""surge_pct"": 0.15, ""ma"": ""sma5"", ""vol_frac"": 0.3}",False,4137,-0.0027465578456165,0.3816775441140923
pullback_ma,"{""surge_pct"": 0.15, ""ma"": ""sma5"", ""vol_frac"": 0.3}",True,4103,-0.0028860991094123,0.3806970509383378
pullback_ma,"{""surge_pct"": 0.15, ""ma"": ""sma5"", ""vol_frac"": 0.5}",False,4416,-0.0020603199474385,0.3833786231884058
pullback_ma,"{""surge_pct"": 0.15, ""ma"": ""sma5"", ""vol_frac"": 0.5}",True,4371,-0.0025951664105577,0.3818348204072295
pullback_ma,"{""surge_pct"": 0.15, ""ma"": ""sma10"", ""vol_frac"": 0.3}",False,3021,0.0011518112850279,0.4048328368090036
pullback_ma,"{""surge_pct"": 0.15, ""ma"": ""sma10"", ""vol_frac"": 0.3}",True,2988,0.0013113966221546,0.4049531459170013
pullback_ma,"{""surge_pct"": 0.15, ""ma"": ""sma10"", ""vol_frac"": 0.5}",False,3204,0.0018945805885509,0.4048064918851435
pullback_ma,"{""surge_pct"": 0.15, ""ma"": ""sma10"", ""vol_frac"": 0.5}",True,3161,0.0013262383364315,0.4043024359379943
pullback_ma,"{""surge_pct"": 0.3, ""ma"": ""sma5"", ""vol_frac"": 0.3}",False,2530,-0.0039945999342808,0.3743083003952569
pullback_ma,"{""surge_pct"": 0.3, ""ma"": ""sma5"", ""vol_frac"": 0.3}",True,2511,-0.00409523071961,0.3735563520509757
pullback_ma,"{""surge_pct"": 0.3, ""ma"": ""sma5"", ""vol_frac"": 0.5}",False,2630,-0.0021881854038985,0.3745247148288973
pullback_ma,"{""surge_pct"": 0.3, ""ma"": ""sma5"", ""vol_frac"": 0.5}",True,2608,-0.0022776292514333,0.3738496932515337
pullback_ma,"{""surge_pct"": 0.3, ""ma"": ""sma10"", ""vol_frac"": 0.3}",False,1802,0.0011391289060585,0.3945615982241953
pullback_ma,"{""surge_pct"": 0.3, ""ma"": ""sma10"", ""vol_frac"": 0.3}",True,1783,0.0010935834031409,0.3937184520471116
pullback_ma,"{""surge_pct"": 0.3, ""ma"": ""sma10"", ""vol_frac"": 0.5}",False,1870,0.0023860819191484,0.3941176470588235
pullback_ma,"{""surge_pct"": 0.3, ""ma"": ""sma10"", ""vol_frac"": 0.5}",True,1849,0.0023974709278422,0.3937263385613845
threads_us_pullback,"{""min_runup30"": 0.5, ""max_mcap"": 500000000.0}",False,1483,-0.0143595106519659,0.358732299393122
threads_us_pullback,"{""min_runup30"": 0.5, ""max_mcap"": 500000000.0}",True,1452,-0.016598236975995,0.3539944903581267
threads_us_pullback,"{""min_runup30"": 0.5, ""max_mcap"": 1800000000.0}",False,2222,-0.0065380297842026,0.387038703870387
threads_us_pullback,"{""min_runup30"": 0.5, ""max_mcap"": 1800000000.0}",True,2153,-0.0081919427288757,0.3817928471899675
threads_us_pullback,"{""min_runup30"": 0.9, ""max_mcap"": 500000000.0}",False,831,-0.0200474046550865,0.3501805054151624
threads_us_pullback,"{""min_runup30"": 0.9, ""max_mcap"": 500000000.0}",True,820,-0.0215738874272322,0.3475609756097561
threads_us_pullback,"{""min_runup30"": 0.9, ""max_mcap"": 1800000000.0}",False,1172,-0.007578034904922,0.3762798634812286
threads_us_pullback,"{""min_runup30"": 0.9, ""max_mcap"": 1800000000.0}",True,1150,-0.0094495357740992,0.3704347826086956
threads_us_pullback,"{""min_runup30"": 1.5, ""max_mcap"": 500000000.0}",False,390,-0.0139048794589507,0.382051282051282
threads_us_pullback,"{""min_runup30"": 1.5, ""max_mcap"": 500000000.0}",True,386,-0.0169420593297939,0.3782383419689119
threads_us_pullback,"{""min_runup30"": 1.5, ""max_mcap"": 1800000000.0}",False,544,-0.0053142471237964,0.4099264705882353
threads_us_pullback,"{""min_runup30"": 1.5, ""max_mcap"": 1800000000.0}",True,539,-0.0078853304694026,0.4063079777365491
toss_second_volume,"{""second_mult"": 2, ""window"": 10, ""base_adv"": 2000000.0}",False,2995,-0.0027896911444691,0.4120200333889816
toss_second_volume,"{""second_mult"": 2, ""window"": 10, ""base_adv"": 2000000.0}",True,2931,-0.003243236076654,0.4100989423404981
toss_second_volume,"{""second_mult"": 2, ""window"": 10, ""base_adv"": 10000000.0}",False,4655,-0.0027379204030719,0.4268528464017185
toss_second_volume,"{""second_mult"": 2, ""window"": 10, ""base_adv"": 10000000.0}",True,4564,-0.0029889464119675,0.4257230499561787
toss_second_volume,"{""second_mult"": 2, ""window"": 30, ""base_adv"": 2000000.0}",False,7337,-0.0091782915961103,0.3973013493253373
toss_second_volume,"{""second_mult"": 2, ""window"": 30, ""base_adv"": 2000000.0}",True,7164,-0.0097408000017131,0.3951702959240648
toss_second_volume,"{""second_mult"": 2, ""window"": 30, ""base_adv"": 10000000.0}",False,11060,-0.0074309830031776,0.4123869801084991
toss_second_volume,"{""second_mult"": 2, ""window"": 30, ""base_adv"": 10000000.0}",True,10792,-0.0078809517043921,0.4105819125277983
toss_second_volume,"{""second_mult"": 3, ""window"": 10, ""base_adv"": 2000000.0}",False,2035,-0.0001250944280442,0.4181818181818181
toss_second_volume,"{""second_mult"": 3, ""window"": 10, ""base_adv"": 2000000.0}",True,1986,-0.0008027980971987,0.4159113796576032
toss_second_volume,"{""second_mult"": 3, ""window"": 10, ""base_adv"": 10000000.0}",False,2681,-0.0001394795056292,0.4274524431182395
toss_second_volume,"{""second_mult"": 3, ""window"": 10, ""base_adv"": 10000000.0}",True,2617,-0.0005369057953345,0.426824608330149
toss_second_volume,"{""second_mult"": 3, ""window"": 30, ""base_adv"": 2000000.0}",False,4827,-0.0097927164075289,0.4016987777087217
toss_second_volume,"{""second_mult"": 3, ""window"": 30, ""base_adv"": 2000000.0}",True,4701,-0.0103548130075688,0.3997021910231865
toss_second_volume,"{""second_mult"": 3, ""window"": 30, ""base_adv"": 10000000.0}",False,6209,-0.0081129787423217,0.4126268320180383
toss_second_volume,"{""second_mult"": 3, ""window"": 30, ""base_adv"": 10000000.0}",True,6034,-0.0085501869497887,0.4111700364600597
toss_second_volume,"{""second_mult"": 5, ""window"": 10, ""base_adv"": 2000000.0}",False,1100,-0.0033107802839075,0.3945454545454545
toss_second_volume,"{""second_mult"": 5, ""window"": 10, ""base_adv"": 2000000.0}",True,1077,-0.0048264815560494,0.3909006499535747
toss_second_volume,"{""second_mult"": 5, ""window"": 10, ""base_adv"": 10000000.0}",False,1262,-0.0015574211080808,0.4080824088748019
toss_second_volume,"{""second_mult"": 5, ""window"": 10, ""base_adv"": 10000000.0}",True,1233,-0.0025473153992265,0.4071370640713706
toss_second_volume,"{""second_mult"": 5, ""window"": 30, ""base_adv"": 2000000.0}",False,2539,-0.0151630800289014,0.3788893265064986
toss_second_volume,"{""second_mult"": 5, ""window"": 30, ""base_adv"": 2000000.0}",True,2473,-0.016320187410733,0.3760614638091387
toss_second_volume,"{""second_mult"": 5, ""window"": 30, ""base_adv"": 10000000.0}",False,2859,-0.0128880178704101,0.3899965022735222
toss_second_volume,"{""second_mult"": 5, ""window"": 30, ""base_adv"": 10000000.0}",True,2778,-0.0138974556976756,0.3880489560835133
warrior_scanner,"{""min_ret"": 0.05, ""min_rvol"": 1.5, ""min_close_pos"": 0.5}",False,13768,-0.00930351488296,0.3995496804183614
warrior_scanner,"{""min_ret"": 0.05, ""min_rvol"": 1.5, ""min_close_pos"": 0.5}",True,12419,-0.0099972389724061,0.3940735969079636
warrior_scanner,"{""min_ret"": 0.05, ""min_rvol"": 1.5, ""min_close_pos"": 0.7}",False,10632,-0.0094202764139007,0.3994544770504138
warrior_scanner,"{""min_ret"": 0.05, ""min_rvol"": 1.5, ""min_close_pos"": 0.7}",True,9598,-0.010018785533348,0.3942488018337153
warrior_scanner,"{""min_ret"": 0.05, ""min_rvol"": 1.5, ""min_close_pos"": 0.9}",False,4581,-0.0102196589882402,0.4003492687186203
warrior_scanner,"{""min_ret"": 0.05, ""min_rvol"": 1.5, ""min_close_pos"": 0.9}",True,4145,-0.0114775784509707,0.3932448733413751
warrior_scanner,"{""min_ret"": 0.05, ""min_rvol"": 3, ""min_close_pos"": 0.5}",False,5422,-0.0072591505452337,0.3954260420509037
warrior_scanner,"{""min_ret"": 0.05, ""min_rvol"": 3, ""min_close_pos"": 0.5}",True,4622,-0.008404880944969,0.3836001730852444
warrior_scanner,"{""min_ret"": 0.05, ""min_rvol"": 3, ""min_close_pos"": 0.7}",False,3882,-0.0085005394035472,0.3961875321998969
warrior_scanner,"{""min_ret"": 0.05, ""min_rvol"": 3, ""min_close_pos"": 0.7}",True,3274,-0.0095694651766028,0.3851557727550397
warrior_scanner,"{""min_ret"": 0.05, ""min_rvol"": 3, ""min_close_pos"": 0.9}",False,1518,-0.0102599710696283,0.3906455862977602
warrior_scanner,"{""min_ret"": 0.05, ""min_rvol"": 3, ""min_close_pos"": 0.9}",True,1260,-0.013424368047952,0.369047619047619
warrior_scanner,"{""min_ret"": 0.05, ""min_rvol"": 5, ""min_close_pos"": 0.5}",False,2635,-0.0046442067481836,0.384819734345351
warrior_scanner,"{""min_ret"": 0.05, ""min_rvol"": 5, ""min_close_pos"": 0.5}",True,2251,-0.0062610062027614,0.3709462461128387
warrior_scanner,"{""min_ret"": 0.05, ""min_rvol"": 5, ""min_close_pos"": 0.7}",False,1808,-0.0079811295504537,0.3827433628318584
warrior_scanner,"{""min_ret"": 0.05, ""min_rvol"": 5, ""min_close_pos"": 0.7}",True,1511,-0.0103301213505923,0.3679682329583058
warrior_scanner,"{""min_ret"": 0.05, ""min_rvol"": 5, ""min_close_pos"": 0.9}",False,662,-0.0146248432261207,0.3761329305135951
warrior_scanner,"{""min_ret"": 0.05, ""min_rvol"": 5, ""min_close_pos"": 0.9}",True,542,-0.0196753914445918,0.3505535055350554
warrior_scanner,"{""min_ret"": 0.1, ""min_rvol"": 1.5, ""min_close_pos"": 0.5}",False,7356,-0.0071694131047871,0.3999456226209896
warrior_scanner,"{""min_ret"": 0.1, ""min_rvol"": 1.5, ""min_close_pos"": 0.5}",True,6474,-0.0083218625088989,0.3906394810009267
warrior_scanner,"{""min_ret"": 0.1, ""min_rvol"": 1.5, ""min_close_pos"": 0.7}",False,5769,-0.008013071987419,0.4012827179753856
warrior_scanner,"{""min_ret"": 0.1, ""min_rvol"": 1.5, ""min_close_pos"": 0.7}",True,5083,-0.0090887719930583,0.3932716899468818
warrior_scanner,"{""min_ret"": 0.1, ""min_rvol"": 1.5, ""min_close_pos"": 0.9}",False,2540,-0.0106262809815739,0.402755905511811
warrior_scanner,"{""min_ret"": 0.1, ""min_rvol"": 1.5, ""min_close_pos"": 0.9}",True,2237,-0.0127567120378897,0.3915958873491283
warrior_scanner,"{""min_ret"": 0.1, ""min_rvol"": 3, ""min_close_pos"": 0.5}",False,4104,-0.0047064060085036,0.3947368421052631
warrior_scanner,"{""min_ret"": 0.1, ""min_rvol"": 3, ""min_close_pos"": 0.5}",True,3466,-0.0060103245221504,0.3799769186381996
warrior_scanner,"{""min_ret"": 0.1, ""min_rvol"": 3, ""min_close_pos"": 0.7}",False,3006,-0.0074587698259621,0.3938789088489687
warrior_scanner,"{""min_ret"": 0.1, ""min_rvol"": 3, ""min_close_pos"": 0.7}",True,2518,-0.0089207703625274,0.3796664019062748
warrior_scanner,"{""min_ret"": 0.1, ""min_rvol"": 3, ""min_close_pos"": 0.9}",False,1209,-0.0111592484807058,0.3837882547559967
warrior_scanner,"{""min_ret"": 0.1, ""min_rvol"": 3, ""min_close_pos"": 0.9}",True,991,-0.0152127766894976,0.3572149344096871
warrior_scanner,"{""min_ret"": 0.1, ""min_rvol"": 5, ""min_close_pos"": 0.5}",False,2278,-0.002463089170879,0.3863037752414399
warrior_scanner,"{""min_ret"": 0.1, ""min_rvol"": 5, ""min_close_pos"": 0.5}",True,1926,-0.004149992560061,0.3701973001038421
warrior_scanner,"{""min_ret"": 0.1, ""min_rvol"": 5, ""min_close_pos"": 0.7}",False,1578,-0.0072157935391023,0.3814955640050697
warrior_scanner,"{""min_ret"": 0.1, ""min_rvol"": 5, ""min_close_pos"": 0.7}",True,1303,-0.0099110745336896,0.363008442056792
warrior_scanner,"{""min_ret"": 0.1, ""min_rvol"": 5, ""min_close_pos"": 0.9}",False,581,-0.016453394639945,0.3683304647160069
warrior_scanner,"{""min_ret"": 0.1, ""min_rvol"": 5, ""min_close_pos"": 0.9}",True,466,-0.0231549801167643,0.334763948497854
dryup_first_spike,"{""dry_frac"": 0.3, ""min_rvol"": 3, ""min_ret"": 0.03}",False,4174,-0.0212588493146064,0.366554863440345
dryup_first_spike,"{""dry_frac"": 0.3, ""min_rvol"": 3, ""min_ret"": 0.03}",True,3927,-0.0222195570571535,0.3595620066208301
dryup_first_spike,"{""dry_frac"": 0.3, ""min_rvol"": 3, ""min_ret"": 0.1}",False,2976,-0.0213348832122809,0.3602150537634409
dryup_first_spike,"{""dry_frac"": 0.3, ""min_rvol"": 3, ""min_ret"": 0.1}",True,2793,-0.0225180360979103,0.3526673827425707
dryup_first_spike,"{""dry_frac"": 0.3, ""min_rvol"": 5, ""min_ret"": 0.03}",False,2529,-0.0269940986032725,0.3487544483985765
dryup_first_spike,"{""dry_frac"": 0.3, ""min_rvol"": 5, ""min_ret"": 0.03}",True,2390,-0.0284656566268677,0.3414225941422594
dryup_first_spike,"{""dry_frac"": 0.3, ""min_rvol"": 5, ""min_ret"": 0.1}",False,1962,-0.0237232822733589,0.3542303771661569
dryup_first_spike,"{""dry_frac"": 0.3, ""min_rvol"": 5, ""min_ret"": 0.1}",True,1849,-0.0252454555152601,0.3466738777717685
dryup_first_spike,"{""dry_frac"": 0.5, ""min_rvol"": 3, ""min_ret"": 0.03}",False,7172,-0.016258609508328,0.378973786949247
dryup_first_spike,"{""dry_frac"": 0.5, ""min_rvol"": 3, ""min_ret"": 0.03}",True,6312,-0.0186963009375835,0.3654942965779467
dryup_first_spike,"{""dry_frac"": 0.5, ""min_rvol"": 3, ""min_ret"": 0.1}",False,4719,-0.0168214137789233,0.3761390125026488
dryup_first_spike,"{""dry_frac"": 0.5, ""min_rvol"": 3, ""min_ret"": 0.1}",True,4089,-0.0199230985713817,0.359256541941795
dryup_first_spike,"{""dry_frac"": 0.5, ""min_rvol"": 5, ""min_ret"": 0.03}",False,3661,-0.0210751532776602,0.3540016388964763
dryup_first_spike,"{""dry_frac"": 0.5, ""min_rvol"": 5, ""min_ret"": 0.03}",True,3263,-0.0248795438590112,0.3398712840943916
dryup_first_spike,"{""dry_frac"": 0.5, ""min_rvol"": 5, ""min_ret"": 0.1}",False,2764,-0.0179842960830657,0.3636034732272069
dryup_first_spike,"{""dry_frac"": 0.5, ""min_rvol"": 5, ""min_ret"": 0.1}",True,2416,-0.0222744532962314,0.3464403973509933
gap_and_go,"{""min_gap"": 0.04, ""max_price"": 10}",False,8221,-0.0133702523961399,0.3592020435470137
gap_and_go,"{""min_gap"": 0.04, ""max_price"": 10}",True,7259,-0.015610053347918,0.346053175368508
gap_and_go,"{""min_gap"": 0.04, ""max_price"": 20}",False,13208,-0.0138377933630591,0.3622047244094488
gap_and_go,"{""min_gap"": 0.04, ""max_price"": 20}",True,11465,-0.0156792603949268,0.3492368076755342
gap_and_go,"{""min_gap"": 0.04, ""max_price"": 50}",False,18592,-0.0139995363014664,0.3641351118760757
gap_and_go,"{""min_gap"": 0.04, ""max_price"": 50}",True,15997,-0.0154310306034952,0.3526286178658498
gap_and_go,"{""min_gap"": 0.1, ""max_price"": 10}",False,1581,-0.0134242948096994,0.3731815306767868
gap_and_go,"{""min_gap"": 0.1, ""max_price"": 10}",True,1255,-0.0188170461710768,0.3553784860557769
gap_and_go,"{""min_gap"": 0.1, ""max_price"": 20}",False,2555,-0.0109735681122352,0.3859099804305284
gap_and_go,"{""min_gap"": 0.1, ""max_price"": 20}",True,1922,-0.0141575946633345,0.3678459937565036
gap_and_go,"{""min_gap"": 0.1, ""max_price"": 50}",False,3559,-0.0140292462358877,0.38353470075864
gap_and_go,"{""min_gap"": 0.1, ""max_price"": 50}",True,2609,-0.0171258042937681,0.3656573399770026
gap_and_go,"{""min_gap"": 0.2, ""max_price"": 10}",False,446,0.0022272778146791,0.3744394618834081
gap_and_go,"{""min_gap"": 0.2, ""max_price"": 10}",True,347,-0.0094790067403725,0.3314121037463977
gap_and_go,"{""min_gap"": 0.2, ""max_price"": 20}",False,726,-0.0011054252124096,0.3774104683195592
gap_and_go,"{""min_gap"": 0.2, ""max_price"": 20}",True,530,-0.0075713236698317,0.3377358490566037
gap_and_go,"{""min_gap"": 0.2, ""max_price"": 50}",False,1004,-0.0102780301011789,0.3695219123505976
gap_and_go,"{""min_gap"": 0.2, ""max_price"": 50}",True,738,-0.0157051651228138,0.3414634146341463
multiday_runner_day2,"{""day1_ret"": 0.2, ""day1_rvol"": 5}",False,1194,-0.005888610162012,0.38107202680067
multiday_runner_day2,"{""day1_ret"": 0.2, ""day1_rvol"": 5}",True,1112,-0.0052103514279476,0.3776978417266187
multiday_runner_day2,"{""day1_ret"": 0.2, ""day1_rvol"": 10}",False,856,-0.0061928886979224,0.3656542056074766
multiday_runner_day2,"{""day1_ret"": 0.2, ""day1_rvol"": 10}",True,817,-0.0055038320506412,0.3647490820073439
multiday_runner_day2,"{""day1_ret"": 0.2, ""day1_rvol"": 20}",False,608,-0.0088039947902257,0.3536184210526316
multiday_runner_day2,"{""day1_ret"": 0.2, ""day1_rvol"": 20}",True,585,-0.0078353015508635,0.3538461538461538
multiday_runner_day2,"{""day1_ret"": 0.3, ""day1_rvol"": 5}",False,811,-0.0023539406694717,0.3699136868064118
multiday_runner_day2,"{""day1_ret"": 0.3, ""day1_rvol"": 5}",True,759,-0.0008917535830151,0.3715415019762846
multiday_runner_day2,"{""day1_ret"": 0.3, ""day1_rvol"": 10}",False,654,-9.016305786608422e-05,0.3746177370030581
multiday_runner_day2,"{""day1_ret"": 0.3, ""day1_rvol"": 10}",True,620,0.0012152705281666,0.3758064516129032
multiday_runner_day2,"{""day1_ret"": 0.3, ""day1_rvol"": 20}",False,499,-0.0091752148582477,0.3607214428857715
multiday_runner_day2,"{""day1_ret"": 0.3, ""day1_rvol"": 20}",True,476,-0.008002636111478,0.361344537815126
multiday_runner_day2,"{""day1_ret"": 0.5, ""day1_rvol"": 5}",False,407,0.0016547321390429,0.3636363636363636
multiday_runner_day2,"{""day1_ret"": 0.5, ""day1_rvol"": 5}",True,392,0.0026853113583013,0.3647959183673469
multiday_runner_day2,"{""day1_ret"": 0.5, ""day1_rvol"": 10}",False,374,-0.0031195412628255,0.3609625668449198
multiday_runner_day2,"{""day1_ret"": 0.5, ""day1_rvol"": 10}",True,359,-0.0021937113103987,0.362116991643454
multiday_runner_day2,"{""day1_ret"": 0.5, ""day1_rvol"": 20}",False,315,-0.0081997357014921,0.3523809523809524
multiday_runner_day2,"{""day1_ret"": 0.5, ""day1_rvol"": 20}",True,303,-0.0079343720879838,0.3531353135313531
quiet_volume_spike,"{""max_abs_ret"": 0.02, ""min_rvol"": 3}",False,6924,-0.0082922155360142,0.3815713460427498
quiet_volume_spike,"{""max_abs_ret"": 0.02, ""min_rvol"": 3}",True,6559,-0.0081807255247229,0.3810032017075774
quiet_volume_spike,"{""max_abs_ret"": 0.02, ""min_rvol"": 5}",False,2763,-0.0079075740518419,0.3485342019543974
quiet_volume_spike,"{""max_abs_ret"": 0.02, ""min_rvol"": 5}",True,2687,-0.0078880392091187,0.3461109043542985
quiet_volume_spike,"{""max_abs_ret"": 0.02, ""min_rvol"": 10}",False,1084,-0.006126306072025,0.3099630996309963
quiet_volume_spike,"{""max_abs_ret"": 0.02, ""min_rvol"": 10}",True,1063,-0.0049748573645751,0.3076199435559736
quiet_volume_spike,"{""max_abs_ret"": 0.03, ""min_rvol"": 3}",False,9230,-0.0095908853651101,0.3880823401950162
quiet_volume_spike,"{""max_abs_ret"": 0.03, ""min_rvol"": 3}",True,8682,-0.0097272851666834,0.3864316977654918
quiet_volume_spike,"{""max_abs_ret"": 0.03, ""min_rvol"": 5}",False,3677,-0.0105713441154202,0.3595322273592602
quiet_volume_spike,"{""max_abs_ret"": 0.03, ""min_rvol"": 5}",True,3562,-0.0109697121730258,0.3565412689500281
quiet_volume_spike,"{""max_abs_ret"": 0.03, ""min_rvol"": 10}",False,1427,-0.0109252852777723,0.327259985984583
quiet_volume_spike,"{""max_abs_ret"": 0.03, ""min_rvol"": 10}",True,1399,-0.0098913354843071,0.3259471050750536
quiet_volume_spike,"{""max_abs_ret"": 0.05, ""min_rvol"": 3}",False,12561,-0.0097671089688283,0.3893798264469389
quiet_volume_spike,"{""max_abs_ret"": 0.05, ""min_rvol"": 3}",True,11695,-0.0098949635242635,0.3882855921333903
quiet_volume_spike,"{""max_abs_ret"": 0.05, ""min_rvol"": 5}",False,4973,-0.0120981654419339,0.3613512970038206
quiet_volume_spike,"{""max_abs_ret"": 0.05, ""min_rvol"": 5}",True,4785,-0.0124427580661384,0.3584117032392894
quiet_volume_spike,"{""max_abs_ret"": 0.05, ""min_rvol"": 10}",False,1950,-0.0135487570960893,0.3328205128205128
quiet_volume_spike,"{""max_abs_ret"": 0.05, ""min_rvol"": 10}",True,1899,-0.0122269542001559,0.3312269615587151
toss_dryup_after_red,"{""dry_frac"": 0.2, ""drop_from_first"": 0.2, ""base_adv"": 2000000.0}",False,1714,-0.0099073444327622,0.3938156359393232
toss_dryup_after_red,"{""dry_frac"": 0.2, ""drop_from_first"": 0.2, ""base_adv"": 2000000.0}",True,1692,-0.0100830108840098,0.3918439716312056
toss_dryup_after_red,"{""dry_frac"": 0.2, ""drop_from_first"": 0.2, ""base_adv"": 10000000.0}",False,1892,-0.0095214429726444,0.3916490486257928
toss_dryup_after_red,"{""dry_frac"": 0.2, ""drop_from_first"": 0.2, ""base_adv"": 10000000.0}",True,1869,-0.0096870773270586,0.3895131086142322
toss_dryup_after_red,"{""dry_frac"": 0.2, ""drop_from_first"": 0.4, ""base_adv"": 2000000.0}",False,1267,-0.0078360106671436,0.4104183109707972
toss_dryup_after_red,"{""dry_frac"": 0.2, ""drop_from_first"": 0.4, ""base_adv"": 2000000.0}",True,1250,-0.0080890239595177,0.408
toss_dryup_after_red,"{""dry_frac"": 0.2, ""drop_from_first"": 0.4, ""base_adv"": 10000000.0}",False,1385,-0.0079584742134091,0.4057761732851985
toss_dryup_after_red,"{""dry_frac"": 0.2, ""drop_from_first"": 0.4, ""base_adv"": 10000000.0}",True,1367,-0.0082054517788858,0.4030724213606437
toss_dryup_after_red,"{""dry_frac"": 0.4, ""drop_from_first"": 0.2, ""base_adv"": 2000000.0}",False,1941,-0.0091025996437151,0.3992787223080886
toss_dryup_after_red,"{""dry_frac"": 0.4, ""drop_from_first"": 0.2, ""base_adv"": 2000000.0}",True,1907,-0.0090279400800962,0.3985317252228631
toss_dryup_after_red,"{""dry_frac"": 0.4, ""drop_from_first"": 0.2, ""base_adv"": 10000000.0}",False,2180,-0.0083408666506424,0.4022935779816514
toss_dryup_after_red,"{""dry_frac"": 0.4, ""drop_from_first"": 0.2, ""base_adv"": 10000000.0}",True,2144,-0.0082909308762411,0.4011194029850746
toss_dryup_after_red,"{""dry_frac"": 0.4, ""drop_from_first"": 0.4, ""base_adv"": 2000000.0}",False,1414,-0.007215408995521,0.4151343705799151
toss_dryup_after_red,"{""dry_frac"": 0.4, ""drop_from_first"": 0.4, ""base_adv"": 2000000.0}",True,1386,-0.007104002927519,0.4148629148629149
toss_dryup_after_red,"{""dry_frac"": 0.4, ""drop_from_first"": 0.4, ""base_adv"": 10000000.0}",False,1563,-0.0071509225355657,0.4158669225847728
toss_dryup_after_red,"{""dry_frac"": 0.4, ""drop_from_first"": 0.4, ""base_adv"": 10000000.0}",True,1533,-0.0070873987846914,0.4148727984344422
toss_weak_green_rising_vol,"{""max_ret"": 0.03, ""window"": 5, ""base_adv"": 2000000.0}",False,773,-0.0060402789193801,0.3906856403622251
toss_weak_green_rising_vol,"{""max_ret"": 0.03, ""window"": 5, ""base_adv"": 2000000.0}",True,764,-0.0057961478028456,0.3900523560209424
toss_weak_green_rising_vol,"{""max_ret"": 0.03, ""window"": 5, ""base_adv"": 10000000.0}",False,968,-0.0068280465973881,0.3956611570247934
toss_weak_green_rising_vol,"{""max_ret"": 0.03, ""window"": 5, ""base_adv"": 10000000.0}",True,955,-0.0069145262152081,0.393717277486911
toss_weak_green_rising_vol,"{""max_ret"": 0.03, ""window"": 10, ""base_adv"": 2000000.0}",False,1954,-0.0048665143809846,0.3966223132036847
toss_weak_green_rising_vol,"{""max_ret"": 0.03, ""window"": 10, ""base_adv"": 2000000.0}",True,1927,-0.0043334083576321,0.3964711987545407
toss_weak_green_rising_vol,"{""max_ret"": 0.03, ""window"": 10, ""base_adv"": 10000000.0}",False,2585,-0.0053490356245623,0.4019342359767892
toss_weak_green_rising_vol,"{""max_ret"": 0.03, ""window"": 10, ""base_adv"": 10000000.0}",True,2552,-0.0050046258922849,0.4012539184952978
toss_weak_green_rising_vol,"{""max_ret"": 0.03, ""window"": 20, ""base_adv"": 2000000.0}",False,4580,-0.007452209304953,0.3899563318777292
toss_weak_green_rising_vol,"{""max_ret"": 0.03, ""window"": 20, ""base_adv"": 2000000.0}",True,4517,-0.0071743275961536,0.3896391410228027
toss_weak_green_rising_vol,"{""max_ret"": 0.03, ""window"": 20, ""base_adv"": 10000000.0}",False,6197,-0.0076470181410459,0.3877682749717605
toss_weak_green_rising_vol,"{""max_ret"": 0.03, ""window"": 20, ""base_adv"": 10000000.0}",True,6120,-0.0075356013607275,0.3870915032679738
toss_weak_green_rising_vol,"{""max_ret"": 0.05, ""window"": 5, ""base_adv"": 2000000.0}",False,1102,-0.0059166654316383,0.3956442831215971
toss_weak_green_rising_vol,"{""max_ret"": 0.05, ""window"": 5, ""base_adv"": 2000000.0}",True,1087,-0.0061508711953942,0.3937442502299908
toss_weak_green_rising_vol,"{""max_ret"": 0.05, ""window"": 5, ""base_adv"": 10000000.0}",False,1382,-0.0056764235473203,0.4037626628075253
toss_weak_green_rising_vol,"{""max_ret"": 0.05, ""window"": 5, ""base_adv"": 10000000.0}",True,1363,-0.0060494138948522,0.4013206162876009
toss_weak_green_rising_vol,"{""max_ret"": 0.05, ""window"": 10, ""base_adv"": 2000000.0}",False,2792,-0.0058816757003995,0.3986389684813753
toss_weak_green_rising_vol,"{""max_ret"": 0.05, ""window"": 10, ""base_adv"": 2000000.0}",True,2756,-0.0057041627728102,0.397677793904209
toss_weak_green_rising_vol,"{""max_ret"": 0.05, ""window"": 10, ""base_adv"": 10000000.0}",False,3634,-0.0058722142819999,0.4053384700055036
toss_weak_green_rising_vol,"{""max_ret"": 0.05, ""window"": 10, ""base_adv"": 10000000.0}",True,3590,-0.0057741006383962,0.4041782729805014
toss_weak_green_rising_vol,"{""max_ret"": 0.05, ""window"": 20, ""base_adv"": 2000000.0}",False,6321,-0.0082225436818399,0.3869640879607657
toss_weak_green_rising_vol,"{""max_ret"": 0.05, ""window"": 20, ""base_adv"": 2000000.0}",True,6232,-0.0080691639346396,0.3862323491655969
toss_weak_green_rising_vol,"{""max_ret"": 0.05, ""window"": 20, ""base_adv"": 10000000.0}",False,8419,-0.0078771100849195,0.3886447321534624
toss_weak_green_rising_vol,"{""max_ret"": 0.05, ""window"": 20, ""base_adv"": 10000000.0}",True,8314,-0.0078266576578003,0.3877796487851816
toss_weak_green_rising_vol,"{""max_ret"": 0.1, ""window"": 5, ""base_adv"": 2000000.0}",False,1505,-0.0080915724863384,0.3853820598006645
toss_weak_green_rising_vol,"{""max_ret"": 0.1, ""window"": 5, ""base_adv"": 2000000.0}",True,1487,-0.0083367186420166,0.3833221250840619
toss_weak_green_rising_vol,"{""max_ret"": 0.1, ""window"": 5, ""base_adv"": 10000000.0}",False,1867,-0.007672256171855,0.3942153186930905
toss_weak_green_rising_vol,"{""max_ret"": 0.1, ""window"": 5, ""base_adv"": 10000000.0}",True,1843,-0.0080263721047806,0.3917525773195876
toss_weak_green_rising_vol,"{""max_ret"": 0.1, ""window"": 10, ""base_adv"": 2000000.0}",False,3721,-0.0059946906569057,0.3961300725611394
toss_weak_green_rising_vol,"{""max_ret"": 0.1, ""window"": 10, ""base_adv"": 2000000.0}",True,3674,-0.0060788413402842,0.3941208492106696
toss_weak_green_rising_vol,"{""max_ret"": 0.1, ""window"": 10, ""base_adv"": 10000000.0}",False,4752,-0.0057414895658469,0.4044612794612794
toss_weak_green_rising_vol,"{""max_ret"": 0.1, ""window"": 10, ""base_adv"": 10000000.0}",True,4692,-0.005845576389362,0.4026001705029838
toss_weak_green_rising_vol,"{""max_ret"": 0.1, ""window"": 20, ""base_adv"": 2000000.0}",False,8143,-0.0087811159444969,0.3836423922387326
toss_weak_green_rising_vol,"{""max_ret"": 0.1, ""window"": 20, ""base_adv"": 2000000.0}",True,8022,-0.0088338316443901,0.3821989528795811
toss_weak_green_rising_vol,"{""max_ret"": 0.1, ""window"": 20, ""base_adv"": 10000000.0}",False,10617,-0.0081412178436588,0.3869266271074691
toss_weak_green_rising_vol,"{""max_ret"": 0.1, ""window"": 20, ""base_adv"": 10000000.0}",True,10472,-0.0082441950921651,0.3855042016806723
finviz_top_gainer,"{""min_ret"": 0.1, ""min_rsi"": 50}",False,4773,-0.0129989127438787,0.431803896920176
finviz_top_gainer,"{""min_ret"": 0.1, ""min_rsi"": 50}",True,4132,-0.0149065423322919,0.4249757986447241
finviz_top_gainer,"{""min_ret"": 0.1, ""min_rsi"": 60}",False,4170,-0.0136489037612677,0.4306954436450839
finviz_top_gainer,"{""min_ret"": 0.1, ""min_rsi"": 60}",True,3579,-0.0157584023684812,0.4227437831796591
finviz_top_gainer,"{""min_ret"": 0.1, ""min_rsi"": 70}",False,2559,-0.0165419767240302,0.4200859710824541
finviz_top_gainer,"{""min_ret"": 0.1, ""min_rsi"": 70}",True,2182,-0.0192670600323433,0.4120073327222731
finviz_top_gainer,"{""min_ret"": 0.2, ""min_rsi"": 50}",False,1519,-0.0230052544531261,0.4101382488479262
finviz_top_gainer,"{""min_ret"": 0.2, ""min_rsi"": 50}",True,1223,-0.0276811057091733,0.3957481602616516
finviz_top_gainer,"{""min_ret"": 0.2, ""min_rsi"": 60}",False,1426,-0.0235293204102579,0.4088359046283309
finviz_top_gainer,"{""min_ret"": 0.2, ""min_rsi"": 60}",True,1136,-0.0288319038429389,0.3926056338028169
finviz_top_gainer,"{""min_ret"": 0.2, ""min_rsi"": 70}",False,1074,-0.0250095345814775,0.4003724394785847
finviz_top_gainer,"{""min_ret"": 0.2, ""min_rsi"": 70}",True,850,-0.0313610236233072,0.3811764705882353
finviz_top_gainer,"{""min_ret"": 0.3, ""min_rsi"": 50}",False,763,-0.0234234541903468,0.3853211009174312
finviz_top_gainer,"{""min_ret"": 0.3, ""min_rsi"": 50}",True,623,-0.0269626440973168,0.377207062600321
finviz_top_gainer,"{""min_ret"": 0.3, ""min_rsi"": 60}",False,727,-0.0244508000757583,0.3865199449793672
finviz_top_gainer,"{""min_ret"": 0.3, ""min_rsi"": 60}",True,589,-0.028680266019042,0.3769100169779287
finviz_top_gainer,"{""min_ret"": 0.3, ""min_rsi"": 70}",False,586,-0.0265896587139085,0.3805460750853242
finviz_top_gainer,"{""min_ret"": 0.3, ""min_rsi"": 70}",True,472,-0.0318767032844322,0.3686440677966102
kr_newhigh_alignment,"{""max_mcap"": 500000000.0, ""min_vol_ratio_prev"": 1.5}",False,310,0.0069573092220095,0.3806451612903225
kr_newhigh_alignment,"{""max_mcap"": 500000000.0, ""min_vol_ratio_prev"": 1.5}",True,295,0.005428530878204,0.3694915254237288
kr_newhigh_alignment,"{""max_mcap"": 500000000.0, ""min_vol_ratio_prev"": 2}",False,246,0.0143382699711169,0.3699186991869919
kr_newhigh_alignment,"{""max_mcap"": 500000000.0, ""min_vol_ratio_prev"": 2}",True,231,0.0128652171564588,0.354978354978355
kr_newhigh_alignment,"{""max_mcap"": 500000000.0, ""min_vol_ratio_prev"": 3}",False,178,0.0360216451000026,0.3820224719101123
kr_newhigh_alignment,"{""max_mcap"": 500000000.0, ""min_vol_ratio_prev"": 3}",True,165,0.0356821248581313,0.3636363636363636
kr_newhigh_alignment,"{""max_mcap"": 1000000000.0, ""min_vol_ratio_prev"": 1.5}",False,553,-0.0037366954947258,0.3887884267631103
kr_newhigh_alignment,"{""max_mcap"": 1000000000.0, ""min_vol_ratio_prev"": 1.5}",True,505,-0.0027706641780776,0.3782178217821782
kr_newhigh_alignment,"{""max_mcap"": 1000000000.0, ""min_vol_ratio_prev"": 2}",False,416,0.0013740911187256,0.3774038461538461
kr_newhigh_alignment,"{""max_mcap"": 1000000000.0, ""min_vol_ratio_prev"": 2}",True,369,0.0033253803441797,0.3604336043360434
kr_newhigh_alignment,"{""max_mcap"": 1000000000.0, ""min_vol_ratio_prev"": 3}",False,271,0.019482975592905,0.3874538745387454
kr_newhigh_alignment,"{""max_mcap"": 1000000000.0, ""min_vol_ratio_prev"": 3}",True,233,0.0252420531491157,0.3690987124463519
kr_newhigh_alignment,"{""max_mcap"": 5000000000.0, ""min_vol_ratio_prev"": 1.5}",False,1512,-0.0086401773172397,0.4034391534391534
kr_newhigh_alignment,"{""max_mcap"": 5000000000.0, ""min_vol_ratio_prev"": 1.5}",True,1356,-0.0094831397688109,0.3938053097345133
kr_newhigh_alignment,"{""max_mcap"": 5000000000.0, ""min_vol_ratio_prev"": 2}",False,998,-0.004077356637919,0.4138276553106212
kr_newhigh_alignment,"{""max_mcap"": 5000000000.0, ""min_vol_ratio_prev"": 2}",True,863,-0.004918585788129,0.3997682502896871
kr_newhigh_alignment,"{""max_mcap"": 5000000000.0, ""min_vol_ratio_prev"": 3}",False,531,0.0089411056087648,0.4274952919020716
kr_newhigh_alignment,"{""max_mcap"": 5000000000.0, ""min_vol_ratio_prev"": 3}",True,447,0.0090512122664283,0.4049217002237136
pullback_lowvol,"{""surge_pct"": 0.1, ""vol_frac"": 0.1, ""hold_pct"": 0.85}",False,3900,-0.0031976732996187,0.402051282051282
pullback_lowvol,"{""surge_pct"": 0.1, ""vol_frac"": 0.1, ""hold_pct"": 0.85}",True,3861,-0.0028094855144452,0.403004403004403
pullback_lowvol,"{""surge_pct"": 0.1, ""vol_frac"": 0.1, ""hold_pct"": 0.9}",False,2689,-0.0037722337077514,0.3949423577538118
pullback_lowvol,"{""surge_pct"": 0.1, ""vol_frac"": 0.1, ""hold_pct"": 0.9}",True,2665,-0.0035054536046205,0.3954971857410881
pullback_lowvol,"{""surge_pct"": 0.1, ""vol_frac"": 0.2, ""hold_pct"": 0.85}",False,5725,-0.0024376303276063,0.4041921397379913
pullback_lowvol,"{""surge_pct"": 0.1, ""vol_frac"": 0.2, ""hold_pct"": 0.85}",True,5661,-0.00208401887152,0.40416887475711
pullback_lowvol,"{""surge_pct"": 0.1, ""vol_frac"": 0.2, ""hold_pct"": 0.9}",False,4149,-0.0029788340824173,0.3993733429742107
pullback_lowvol,"{""surge_pct"": 0.1, ""vol_frac"": 0.2, ""hold_pct"": 0.9}",True,4111,-0.0026905338362346,0.3994162004378496
pullback_lowvol,"{""surge_pct"": 0.1, ""vol_frac"": 0.3, ""hold_pct"": 0.85}",False,6920,-0.0008927374588768,0.4117052023121387
pullback_lowvol,"{""surge_pct"": 0.1, ""vol_frac"": 0.3, ""hold_pct"": 0.85}",True,6824,-0.0007081934376208,0.4111957796014068
pullback_lowvol,"{""surge_pct"": 0.1, ""vol_frac"": 0.3, ""hold_pct"": 0.9}",False,5133,-0.0014888177955885,0.4085330216247808
pullback_lowvol,"{""surge_pct"": 0.1, ""vol_frac"": 0.3, ""hold_pct"": 0.9}",True,5069,-0.0014267966055239,0.4079700138094299
pullback_lowvol,"{""surge_pct"": 0.15, ""vol_frac"": 0.1, ""hold_pct"": 0.85}",False,3364,-0.0037072887477607,0.3971462544589774
pullback_lowvol,"{""surge_pct"": 0.15, ""vol_frac"": 0.1, ""hold_pct"": 0.85}",True,3330,-0.0032621768107932,0.3981981981981982
pullback_lowvol,"{""surge_pct"": 0.15, ""vol_frac"": 0.1, ""hold_pct"": 0.9}",False,2186,-0.0040416361493477,0.3879231473010064
pullback_lowvol,"{""surge_pct"": 0.15, ""vol_frac"": 0.1, ""hold_pct"": 0.9}",True,2167,-0.003714234318578,0.3885556068297185
pullback_lowvol,"{""surge_pct"": 0.15, ""vol_frac"": 0.2, ""hold_pct"": 0.85}",False,4812,-0.0025492268840279,0.4010806317539485
pullback_lowvol,"{""surge_pct"": 0.15, ""vol_frac"": 0.2, ""hold_pct"": 0.85}",True,4754,-0.0021277152064965,0.400925536390408
pullback_lowvol,"{""surge_pct"": 0.15, ""vol_frac"": 0.2, ""hold_pct"": 0.9}",False,3283,-0.0026748776636374,0.3962838866890039
pullback_lowvol,"{""surge_pct"": 0.15, ""vol_frac"": 0.2, ""hold_pct"": 0.9}",True,3252,-0.0023002172524706,0.3963714637146371
pullback_lowvol,"{""surge_pct"": 0.15, ""vol_frac"": 0.3, ""hold_pct"": 0.85}",False,5749,-0.0011276994357228,0.4075491389806923
pullback_lowvol,"{""surge_pct"": 0.15, ""vol_frac"": 0.3, ""hold_pct"": 0.85}",True,5666,-0.0008214231024325,0.4069890575361807
pullback_lowvol,"{""surge_pct"": 0.15, ""vol_frac"": 0.3, ""hold_pct"": 0.9}",False,4015,-0.0014775431011562,0.4037359900373599
pullback_lowvol,"{""surge_pct"": 0.15, ""vol_frac"": 0.3, ""hold_pct"": 0.9}",True,3964,-0.0013276327662016,0.4031281533804238
pullback_lowvol,"{""surge_pct"": 0.3, ""vol_frac"": 0.1, ""hold_pct"": 0.85}",False,1965,-0.0041316163370156,0.3867684478371501
pullback_lowvol,"{""surge_pct"": 0.3, ""vol_frac"": 0.1, ""hold_pct"": 0.85}",True,1942,-0.0039163605128447,0.3861997940267765
pullback_lowvol,"{""surge_pct"": 0.3, ""vol_frac"": 0.1, ""hold_pct"": 0.9}",False,1243,-0.0047013516300619,0.3861625100563153
pullback_lowvol,"{""surge_pct"": 0.3, ""vol_frac"": 0.1, ""hold_pct"": 0.9}",True,1230,-0.0048091994324307,0.3845528455284553
pullback_lowvol,"{""surge_pct"": 0.3, ""vol_frac"": 0.2, ""hold_pct"": 0.85}",False,2518,-0.0044797948903412,0.3891977760127085
pullback_lowvol,"{""surge_pct"": 0.3, ""vol_frac"": 0.2, ""hold_pct"": 0.85}",True,2486,-0.0039995659465624,0.3885760257441673
pullback_lowvol,"{""surge_pct"": 0.3, ""vol_frac"": 0.2, ""hold_pct"": 0.9}",False,1632,-0.0052112481435316,0.3909313725490196
pullback_lowvol,"{""surge_pct"": 0.3, ""vol_frac"": 0.2, ""hold_pct"": 0.9}",True,1614,-0.0049663310989176,0.3897149938042131
pullback_lowvol,"{""surge_pct"": 0.3, ""vol_frac"": 0.3, ""hold_pct"": 0.85}",False,2828,-0.0027838215822967,0.3953323903818953
pullback_lowvol,"{""surge_pct"": 0.3, ""vol_frac"": 0.3, ""hold_pct"": 0.85}",True,2788,-0.0024683788641418,0.3941893830703012
pullback_lowvol,"{""surge_pct"": 0.3, ""vol_frac"": 0.3, ""hold_pct"": 0.9}",False,1856,-0.0044024821471331,0.3943965517241379
pullback_lowvol,"{""surge_pct"": 0.3, ""vol_frac"": 0.3, ""hold_pct"": 0.9}",True,1832,-0.0043886830226279,0.3924672489082969
ross_5pillars,"{""min_ret"": 0.05, ""min_rvol"": 2, ""max_price"": 10}",False,1985,-0.0129708396924424,0.3561712846347607
ross_5pillars,"{""min_ret"": 0.05, ""min_rvol"": 2, ""max_price"": 10}",True,1880,-0.012604655829688,0.352127659574468
ross_5pillars,"{""min_ret"": 0.05, ""min_rvol"": 2, ""max_price"": 20}",False,3353,-0.0156298023547696,0.3680286310766478
ross_5pillars,"{""min_ret"": 0.05, ""min_rvol"": 2, ""max_price"": 20}",True,3136,-0.0165109136253681,0.3596938775510204
ross_5pillars,"{""min_ret"": 0.05, ""min_rvol"": 2, ""max_price"": 50}",False,5038,-0.0165465277612585,0.3699880905121079
ross_5pillars,"{""min_ret"": 0.05, ""min_rvol"": 2, ""max_price"": 50}",True,4608,-0.0175840685814897,0.3598090277777778
ross_5pillars,"{""min_ret"": 0.05, ""min_rvol"": 5, ""max_price"": 10}",False,1284,-0.0070494014490061,0.366822429906542
ross_5pillars,"{""min_ret"": 0.05, ""min_rvol"": 5, ""max_price"": 10}",True,1218,-0.0067874743180461,0.361247947454844
ross_5pillars,"{""min_ret"": 0.05, ""min_rvol"": 5, ""max_price"": 20}",False,1932,-0.0146811533444974,0.3618012422360248
ross_5pillars,"{""min_ret"": 0.05, ""min_rvol"": 5, ""max_price"": 20}",True,1826,-0.0158025651893055,0.3537787513691128
ross_5pillars,"{""min_ret"": 0.05, ""min_rvol"": 5, ""max_price"": 50}",False,2643,-0.0175843917244151,0.3541430192962542
ross_5pillars,"{""min_ret"": 0.05, ""min_rvol"": 5, ""max_price"": 50}",True,2466,-0.0189103182387415,0.3446877534468775
ross_5pillars,"{""min_ret"": 0.05, ""min_rvol"": 10, ""max_price"": 10}",False,922,-0.0030835394402242,0.3600867678958785
ross_5pillars,"{""min_ret"": 0.05, ""min_rvol"": 10, ""max_price"": 10}",True,882,-0.0022947774649303,0.3582766439909297
ross_5pillars,"{""min_ret"": 0.05, ""min_rvol"": 10, ""max_price"": 20}",False,1307,-0.0115098328264139,0.351185921958684
ross_5pillars,"{""min_ret"": 0.05, ""min_rvol"": 10, ""max_price"": 20}",True,1251,-0.0120363423388833,0.3477218225419664
ross_5pillars,"{""min_ret"": 0.05, ""min_rvol"": 10, ""max_price"": 50}",False,1713,-0.0177072236931147,0.3397548161120841
ross_5pillars,"{""min_ret"": 0.05, ""min_rvol"": 10, ""max_price"": 50}",True,1643,-0.017615996970391,0.3371880706025563
ross_5pillars,"{""min_ret"": 0.1, ""min_rvol"": 2, ""max_price"": 10}",False,1517,-0.0113436838704554,0.3526697429136453
ross_5pillars,"{""min_ret"": 0.1, ""min_rvol"": 2, ""max_price"": 10}",True,1443,-0.0111140034526078,0.3485793485793486
ross_5pillars,"{""min_ret"": 0.1, ""min_rvol"": 2, ""max_price"": 20}",False,2414,-0.015331086949113,0.3587406793703397
ross_5pillars,"{""min_ret"": 0.1, ""min_rvol"": 2, ""max_price"": 20}",True,2261,-0.016435972691661,0.3502874834144184
ross_5pillars,"{""min_ret"": 0.1, ""min_rvol"": 2, ""max_price"": 50}",False,3428,-0.0170963351418538,0.3608518086347724
ross_5pillars,"{""min_ret"": 0.1, ""min_rvol"": 2, ""max_price"": 50}",True,3147,-0.0180237880959945,0.3511280584683826
ross_5pillars,"{""min_ret"": 0.1, ""min_rvol"": 5, ""max_price"": 10}",False,1058,-0.0031175460322578,0.3629489603024575
ross_5pillars,"{""min_ret"": 0.1, ""min_rvol"": 5, ""max_price"": 10}",True,1009,-0.0025829936425111,0.3587710604558969
ross_5pillars,"{""min_ret"": 0.1, ""min_rvol"": 5, ""max_price"": 20}",False,1581,-0.0110210322585727,0.3592662871600253
ross_5pillars,"{""min_ret"": 0.1, ""min_rvol"": 5, ""max_price"": 20}",True,1498,-0.0123093497694497,0.3504672897196261
ross_5pillars,"{""min_ret"": 0.1, ""min_rvol"": 5, ""max_price"": 50}",False,2138,-0.0162928604846954,0.3507951356407858
ross_5pillars,"{""min_ret"": 0.1, ""min_rvol"": 5, ""max_price"": 50}",True,2000,-0.0173079944892748,0.3415
ross_5pillars,"{""min_ret"": 0.1, ""min_rvol"": 10, ""max_price"": 10}",False,793,0.001750997732726,0.3568726355611601
ross_5pillars,"{""min_ret"": 0.1, ""min_rvol"": 10, ""max_price"": 10}",True,761,0.00265784239502,0.354796320630749
ross_5pillars,"{""min_ret"": 0.1, ""min_rvol"": 10, ""max_price"": 20}",False,1125,-0.0064066956120782,0.3493333333333333
ross_5pillars,"{""min_ret"": 0.1, ""min_rvol"": 10, ""max_price"": 20}",True,1079,-0.0070511536554868,0.3447636700648749
ross_5pillars,"{""min_ret"": 0.1, ""min_rvol"": 10, ""max_price"": 50}",False,1471,-0.0144252182341348,0.3378653976886471
ross_5pillars,"{""min_ret"": 0.1, ""min_rvol"": 10, ""max_price"": 50}",True,1412,-0.0145150561568363,0.3342776203966006
ross_5pillars,"{""min_ret"": 0.2, ""min_rvol"": 2, ""max_price"": 10}",False,843,0.0002887241767418,0.3487544483985765
ross_5pillars,"{""min_ret"": 0.2, ""min_rvol"": 2, ""max_price"": 10}",True,807,0.0013652042085345,0.3494423791821561
ross_5pillars,"{""min_ret"": 0.2, ""min_rvol"": 2, ""max_price"": 20}",False,1318,-0.0140854307969396,0.3452200303490136
ross_5pillars,"{""min_ret"": 0.2, ""min_rvol"": 2, ""max_price"": 20}",True,1247,-0.0150724859830528,0.3392141138732959
ross_5pillars,"{""min_ret"": 0.2, ""min_rvol"": 2, ""max_price"": 50}",False,1789,-0.0187449399083445,0.3471212968138625
ross_5pillars,"{""min_ret"": 0.2, ""min_rvol"": 2, ""max_price"": 50}",True,1679,-0.0196112402546344,0.3400833829660512
ross_5pillars,"{""min_ret"": 0.2, ""min_rvol"": 5, ""max_price"": 10}",False,708,0.0076477757805432,0.3601694915254237
ross_5pillars,"{""min_ret"": 0.2, ""min_rvol"": 5, ""max_price"": 10}",True,678,0.0093037789396943,0.3628318584070796
ross_5pillars,"{""min_ret"": 0.2, ""min_rvol"": 5, ""max_price"": 20}",False,1060,-0.0090576282436881,0.3471698113207547
ross_5pillars,"{""min_ret"": 0.2, ""min_rvol"": 5, ""max_price"": 20}",True,1009,-0.0101195118066535,0.3419226957383548
ross_5pillars,"{""min_ret"": 0.2, ""min_rvol"": 5, ""max_price"": 50}",False,1425,-0.0168584093838807,0.3417543859649122
ross_5pillars,"{""min_ret"": 0.2, ""min_rvol"": 5, ""max_price"": 50}",True,1348,-0.0173811865394685,0.336053412462908
ross_5pillars,"{""min_ret"": 0.2, ""min_rvol"": 10, ""max_price"": 10}",False,584,0.0130828608579676,0.3613013698630137
ross_5pillars,"{""min_ret"": 0.2, ""min_rvol"": 10, ""max_price"": 10}",True,560,0.0148297694875538,0.3625
ross_5pillars,"{""min_ret"": 0.2, ""min_rvol"": 10, ""max_price"": 20}",False,842,-0.0021404515161206,0.343230403800475
ross_5pillars,"{""min_ret"": 0.2, ""min_rvol"": 10, ""max_price"": 20}",True,808,-0.0027865460067449,0.3403465346534653
ross_5pillars,"{""min_ret"": 0.2, ""min_rvol"": 10, ""max_price"": 50}",False,1101,-0.0112737504959744,0.3369663941871026
ross_5pillars,"{""min_ret"": 0.2, ""min_rvol"": 10, ""max_price"": 50}",True,1059,-0.0111775011891954,0.3352219074598678
toss_pullback_after_green,"{""day2_max_ret"": -0.03, ""day2_vol_frac"": 0.3, ""base_adv"": 2000000.0}",False,297,0.005873893285429,0.3838383838383838
toss_pullback_after_green,"{""day2_max_ret"": -0.03, ""day2_vol_frac"": 0.3, ""base_adv"": 2000000.0}",True,291,0.0029139903340512,0.3745704467353952
toss_pullback_after_green,"{""day2_max_ret"": -0.03, ""day2_vol_frac"": 0.3, ""base_adv"": 10000000.0}",False,320,0.0049753786835306,0.384375
toss_pullback_after_green,"{""day2_max_ret"": -0.03, ""day2_vol_frac"": 0.3, ""base_adv"": 10000000.0}",True,310,0.0027054235272115,0.3774193548387097
toss_pullback_after_green,"{""day2_max_ret"": -0.03, ""day2_vol_frac"": 0.5, ""base_adv"": 2000000.0}",False,400,0.0099107021983776,0.4025
toss_pullback_after_green,"{""day2_max_ret"": -0.03, ""day2_vol_frac"": 0.5, ""base_adv"": 2000000.0}",True,390,0.0073379484303962,0.3948717948717948
toss_pullback_after_green,"{""day2_max_ret"": -0.03, ""day2_vol_frac"": 0.5, ""base_adv"": 10000000.0}",False,449,0.0115099213509156,0.4164810690423162
toss_pullback_after_green,"{""day2_max_ret"": -0.03, ""day2_vol_frac"": 0.5, ""base_adv"": 10000000.0}",True,430,0.0097015761305831,0.4093023255813953
toss_pullback_after_green,"{""day2_max_ret"": -0.03, ""day2_vol_frac"": 0.7, ""base_adv"": 2000000.0}",False,447,0.0127326947153592,0.4205816554809843
toss_pullback_after_green,"{""day2_max_ret"": -0.03, ""day2_vol_frac"": 0.7, ""base_adv"": 2000000.0}",True,432,0.0105636126224153,0.412037037037037
toss_pullback_after_green,"{""day2_max_ret"": -0.03, ""day2_vol_frac"": 0.7, ""base_adv"": 10000000.0}",False,509,0.0133502583233734,0.4322200392927308
toss_pullback_after_green,"{""day2_max_ret"": -0.03, ""day2_vol_frac"": 0.7, ""base_adv"": 10000000.0}",True,478,0.0123247662501789,0.4267782426778242
toss_pullback_after_green,"{""day2_max_ret"": -0.08, ""day2_vol_frac"": 0.3, ""base_adv"": 2000000.0}",False,151,0.0154111641885049,0.3377483443708609
toss_pullback_after_green,"{""day2_max_ret"": -0.08, ""day2_vol_frac"": 0.3, ""base_adv"": 2000000.0}",True,147,0.0112614599657636,0.3265306122448979
toss_pullback_after_green,"{""day2_max_ret"": -0.08, ""day2_vol_frac"": 0.3, ""base_adv"": 10000000.0}",False,157,0.0149823815715576,0.3439490445859872
toss_pullback_after_green,"{""day2_max_ret"": -0.08, ""day2_vol_frac"": 0.3, ""base_adv"": 10000000.0}",True,152,0.0117006039659502,0.3355263157894737
toss_pullback_after_green,"{""day2_max_ret"": -0.08, ""day2_vol_frac"": 0.5, ""base_adv"": 2000000.0}",False,194,0.020792677459001,0.3762886597938144
toss_pullback_after_green,"{""day2_max_ret"": -0.08, ""day2_vol_frac"": 0.5, ""base_adv"": 2000000.0}",True,189,0.0167279423555602,0.365079365079365
toss_pullback_after_green,"{""day2_max_ret"": -0.08, ""day2_vol_frac"": 0.5, ""base_adv"": 10000000.0}",False,208,0.0243440299095455,0.3894230769230769
toss_pullback_after_green,"{""day2_max_ret"": -0.08, ""day2_vol_frac"": 0.5, ""base_adv"": 10000000.0}",True,202,0.0212340048164704,0.3811881188118812
toss_pullback_after_green,"{""day2_max_ret"": -0.08, ""day2_vol_frac"": 0.7, ""base_adv"": 2000000.0}",False,215,0.0211143813237297,0.4046511627906977
toss_pullback_after_green,"{""day2_max_ret"": -0.08, ""day2_vol_frac"": 0.7, ""base_adv"": 2000000.0}",True,205,0.0177650769237605,0.3902439024390244
toss_pullback_after_green,"{""day2_max_ret"": -0.08, ""day2_vol_frac"": 0.7, ""base_adv"": 10000000.0}",False,234,0.0240223739327055,0.4145299145299145
toss_pullback_after_green,"{""day2_max_ret"": -0.08, ""day2_vol_frac"": 0.7, ""base_adv"": 10000000.0}",True,219,0.0215656560705533,0.4018264840182648
volume_3x_after_base,"{""min_rvol"": 3, ""max_range40"": 0.15}",False,618,-0.0019783360373042,0.4174757281553398
volume_3x_after_base,"{""min_rvol"": 3, ""max_range40"": 0.15}",True,392,-0.0022459682239029,0.4005102040816326
volume_3x_after_base,"{""min_rvol"": 3, ""max_range40"": 0.25}",False,2066,-0.0099926429699256,0.4104549854791868
volume_3x_after_base,"{""min_rvol"": 3, ""max_range40"": 0.25}",True,1394,-0.0129265479555073,0.3845050215208034
volume_3x_after_base,"{""min_rvol"": 3, ""max_range40"": 0.4}",False,4255,-0.0119098937745427,0.399764982373678
volume_3x_after_base,"{""min_rvol"": 3, ""max_range40"": 0.4}",True,3143,-0.0162098554098954,0.3732103086223353
volume_3x_after_base,"{""min_rvol"": 5, ""max_range40"": 0.15}",False,286,0.0014536965835466,0.4020979020979021
volume_3x_after_base,"{""min_rvol"": 5, ""max_range40"": 0.15}",True,187,0.0005277994658523,0.3850267379679144
volume_3x_after_base,"{""min_rvol"": 5, ""max_range40"": 0.25}",False,984,-0.0110603923364863,0.4004065040650406
volume_3x_after_base,"{""min_rvol"": 5, ""max_range40"": 0.25}",True,700,-0.015727116446058,0.3714285714285714
volume_3x_after_base,"{""min_rvol"": 5, ""max_range40"": 0.4}",False,2152,-0.013583479344563,0.3838289962825278
volume_3x_after_base,"{""min_rvol"": 5, ""max_range40"": 0.4}",True,1684,-0.0200269671495573,0.3527315914489311
volume_3x_after_base,"{""min_rvol"": 10, ""max_range40"": 0.15}",False,97,-0.0141375713149654,0.4123711340206185
volume_3x_after_base,"{""min_rvol"": 10, ""max_range40"": 0.15}",True,88,-0.015174771740451,0.4090909090909091
volume_3x_after_base,"{""min_rvol"": 10, ""max_range40"": 0.25}",False,405,-0.0166407890278628,0.4246913580246914
volume_3x_after_base,"{""min_rvol"": 10, ""max_range40"": 0.25}",True,337,-0.02058229411433,0.3976261127596439
volume_3x_after_base,"{""min_rvol"": 10, ""max_range40"": 0.4}",False,1011,-0.0200315729525136,0.3728981206726013
volume_3x_after_base,"{""min_rvol"": 10, ""max_range40"": 0.4}",True,882,-0.0262544296075925,0.3503401360544217
