lookback,top_n,rank_by,trail_atr_mult,2024_n_trades,2024_win_rate,2024_total_return,2024_max_drawdown,2024_profit_factor,2024_expectancy,2024_sharpe,2025_n_trades,2025_win_rate,2025_total_return,2025_max_drawdown,2025_profit_factor,2025_expectancy,2025_sharpe,2026_n_trades,2026_win_rate,2026_total_return,2026_max_drawdown,2026_profit_factor,2026_expectancy,2026_sharpe,full_n_trades,full_win_rate,full_total_return,full_max_drawdown,full_profit_factor,full_expectancy,full_sharpe
126,10,mom,,51,0.5686274509803921,0.12217595543123827,-0.13947758245718378,1.5703371602100158,0.049270099862406054,0.6079227643110198,60,0.4666666666666667,0.020833802433328996,-0.252842660554095,1.0743784526856401,0.01360626065278836,0.21049251377281383,45,0.5555555555555556,0.15504929316482485,-0.3738569232939466,1.8645331301962225,0.07622591011489714,0.6681181876050868,143,0.5384615384615384,0.7333436450614308,-0.37770671679146006,1.9955275043114469,0.09234311924090079,0.7431188927205071
126,10,mom,4.0,64,0.484375,0.11663599681167014,-0.10451887703359053,1.490387922667193,0.0410442625634549,0.6678890699018284,77,0.45454545454545453,0.08295823135453517,-0.16601292002792267,1.3298959754378237,0.022692044535346893,0.4928929350988457,55,0.5272727272727272,0.18148792843084838,-0.2749691455497455,1.8191149225547685,0.07119014485884534,0.869277381620128,189,0.49206349206349204,0.6324711971730139,-0.2757606092472831,1.8232895570413137,0.06114852014145058,0.8096134888236425
126,10,mom_vol,,57,0.5263157894736842,0.08707711879668789,-0.08406823931558749,1.5963663451068952,0.03246843281040082,0.6294547402595817,67,0.44776119402985076,-0.0223330077350532,-0.235502179498838,0.9099499648104916,-0.0012615753228042512,0.006466321584210229,56,0.42857142857142855,0.10696462900127224,-0.29870188638764816,1.5586538879326475,0.043883272120614124,0.5792688746499772,170,0.4647058823529412,0.40909447234684304,-0.3032753937399998,1.625446147303243,0.054217661637348744,0.5983413347538348
126,10,mom_vol,4.0,71,0.4507042253521127,0.035267104188488885,-0.08530587704277848,1.206218176344978,0.012285359808152641,0.350975725120959,82,0.4024390243902439,0.00988640816981623,-0.17296957341524188,1.043279296413951,0.004364184793667208,0.14569501619046615,67,0.3880597014925373,0.049638243825893325,-0.2481072878836833,1.2023791387593337,0.01963354191548371,0.38767362665644794,210,0.41904761904761906,0.27842747692792624,-0.2490892329678066,1.4040880445170834,0.029934341949857345,0.5291533108058221
126,20,mom,,71,0.5492957746478874,0.15694045467105533,-0.18845005638225198,1.6062242042907604,0.05600082244604735,0.6441518601233693,86,0.4883720930232558,0.08184212315361084,-0.3262024126672126,1.241668838646127,0.02837765338642518,0.4104443594451806,73,0.589041095890411,0.2595424063363234,-0.3965584558662498,2.0264733246470255,0.06956877680034097,0.8645445819400119,204,0.5441176470588235,0.965833136330839,-0.3986096737158299,1.9857310416866065,0.08667705756000058,0.8112649721481533
126,20,mom,4.0,102,0.4803921568627451,0.16974794083296785,-0.13065333023805303,1.4877073648945294,0.03758939533156938,0.7223823559168221,131,0.4732824427480916,0.2595756233929942,-0.23993234783737083,1.7011419441602933,0.0415345721678711,0.9859338145180901,105,0.42857142857142855,0.12436514813483246,-0.3890284784594542,1.2957657716781297,0.029909486754420785,0.5853429618646164,310,0.47096774193548385,0.8883910486711579,-0.39061053529531764,1.6759148789952105,0.05059623251911575,0.8249771444424272
126,20,mom_vol,,89,0.4606741573033708,0.0736173332737704,-0.11789431549447738,1.351014108314914,0.020393489692888303,0.44551686552053305,108,0.4351851851851852,-0.03310329741227569,-0.3146398953873907,0.9129317247804872,0.006310358965042845,0.016163963434640695,95,0.5263157894736842,0.15034499324199135,-0.3419045041186176,1.5137458701446922,0.03323135341766912,0.6731914214930309,271,0.47232472324723246,0.41099263772635464,-0.3396209848149925,1.4291691937742537,0.04066989151410251,0.5464031667569669
126,20,mom_vol,4.0,125,0.44,0.07199270213199949,-0.09943923410258804,1.2530716556657966,0.01454397552141667,0.47978384420823733,143,0.3916083916083916,0.019298756363939074,-0.2540330769391923,1.0521655255705864,0.0057536555464252365,0.20076513415477898,126,0.42063492063492064,0.018966337569558567,-0.34072741168450804,1.046448774452895,0.007393937509187668,0.2636357602968141,379,0.41424802110817943,0.28622036842380627,-0.34229682247468085,1.247148848053163,0.018753808342245232,0.46244016169716806
252,10,mom,,26,0.5769230769230769,0.16437145637235018,-0.1656393165465485,2.1408281165823024,0.1288557753226619,0.7868938702725264,36,0.3333333333333333,-0.05587654009569876,-0.2489280061856285,0.7446053424240825,-0.028867012968413194,-0.10242182416661558,33,0.48484848484848486,0.15796914855431798,-0.27409578297325643,2.080412769051615,0.10294813765876346,0.7128830599986625,78,0.5256410256410257,0.39852739784213953,-0.35688425958767866,1.888379704975336,0.09669803381074715,0.5305354758266821
252,10,mom,4.0,42,0.5,0.1856379594812767,-0.1167072964077861,2.1416490274565825,0.09135374709977177,1.032331029876667,64,0.28125,-0.07428095471533303,-0.20349653415655533,0.7342350139181887,-0.023523680388327594,-0.3382575501661114,52,0.4807692307692308,0.13007453074650877,-0.2486078149398082,1.566562454478884,0.057338855476609184,0.6863739346584266,150,0.43333333333333335,0.3303174128282824,-0.2508382892830102,1.461945115562683,0.045253694594079456,0.5513907977153567
252,10,mom_vol,,33,0.45454545454545453,0.06620105230276319,-0.12311746553065428,1.5451438319363997,0.045225410468647816,0.45629902207557216,50,0.44,-0.06869881833689939,-0.25933434039863346,0.6479121441129225,-0.0244677636017475,-0.23279288781197582,41,0.5121951219512195,0.16287773903177372,-0.289802323281669,1.894416868578202,0.08580770283043591,0.7269194413097763,106,0.4716981132075472,0.28492938450954997,-0.29229880946287046,1.5818319347902041,0.05715977221649125,0.45717677070734636
252,10,mom_vol,4.0,44,0.4772727272727273,0.12340170725615862,-0.0758072995112169,2.0383005925768867,0.05939307815069122,0.9141502642663808,71,0.323943661971831,-0.023307057063171488,-0.17596690166818052,0.8962342531749045,-0.006507552401144296,-0.07520425880276314,58,0.5,0.15054142591088104,-0.2524508867247026,1.6189082988297123,0.05878041583645475,0.7665568963040091,163,0.4294478527607362,0.3681882824338871,-0.2532350854005112,1.5675976840206391,0.04523186693188974,0.6242699613368451
252,20,mom,,38,0.5789473684210527,0.09413250690666786,-0.19062401703539278,1.516841068807243,0.04921745700907327,0.46451700518597233,63,0.4126984126984127,-0.08173411838703537,-0.35131588654816637,0.732844265177981,-0.022018478886862723,-0.062449170914437975,53,0.5471698113207547,0.27423561333611945,-0.3483827314940803,2.329779548899107,0.10661889321388113,0.9053115319613922,126,0.5079365079365079,0.3213577317837657,-0.3795358980886323,1.5497823161271689,0.05299971147744965,0.4470128574138798
252,20,mom,4.0,76,0.47368421052631576,0.13774986627366204,-0.154097035721264,1.5489081572506003,0.040119739753005305,0.6502596325515507,122,0.30327868852459017,-0.07001321508803493,-0.2897959930020222,0.8468408174312786,-0.012344739994091606,-0.12445534249746257,92,0.5108695652173914,0.18369469872827104,-0.33994979249628876,1.4573200248137206,0.04478263411099382,0.732305106041862,265,0.4037735849056604,0.2585327590681059,-0.34400161492511383,1.226446120127875,0.025221473718163804,0.40977793899001025
252,20,mom_vol,,56,0.42857142857142855,0.12091303371281614,-0.1353127623582452,1.679663609028095,0.049380893729449815,0.6176952291758582,78,0.4230769230769231,-0.06215988836520192,-0.3116395666074866,0.7592892249009644,-0.01033525264120594,-0.09999210689684755,62,0.5161290322580645,0.20268100824057678,-0.32166113041517763,1.805988013622893,0.07157146672119849,0.7823281655829816,167,0.48502994011976047,0.39887923003802506,-0.3321622759545265,1.6214688174732883,0.04805584775649889,0.524082273977696
252,20,mom_vol,4.0,83,0.46987951807228917,0.15916507295629656,-0.12088944420391579,1.700895223056543,0.04472601479286045,0.8610936245269875,135,0.34814814814814815,-0.048860542996307155,-0.25308404333398327,0.8742791673091793,-0.006442052792167271,-0.12615425837303992,100,0.5,0.1262581636555371,-0.3203907307116629,1.3061961160169646,0.0318815199826657,0.6030239083232488,297,0.4377104377104377,0.3324706505616233,-0.32442481234046205,1.296577363306565,0.024743354161420945,0.4987252013306438
