n,win,mean,median,pf,t,avg_win,avg_loss,entry,exit,risk,window
14244,0.35607975287840493,-0.015203993030225987,-0.020219353132614023,0.610921588583726,-17.828380503570692,0.06704381520475029,-0.06068599078074929,open(시가),→12:30,손절없음,train
14244,0.16996630160067397,-0.011091073836450107,-0.02598,0.4989017897563705,-25.93184293555578,0.06496852132946644,-0.026665824736956237,open(시가),→12:30,손절2%,train
14244,0.21882898062342038,-0.013320568573563762,-0.03597000000000005,0.5081111640708533,-27.588106305267054,0.06287958934679029,-0.03466647422987216,open(시가),→12:30,손절3%,train
14244,0.2835579893288402,-0.015307881720363936,-0.05049093599631548,0.5410509378073411,-24.986997340534888,0.06364244810491893,-0.04655534690060083,open(시가),→12:30,손절5%,train
14244,0.2561780398764392,-0.01708182354756413,-0.03597000000000005,0.34491197587594924,-63.401759267096274,0.03510758427035825,-0.03505625951996608,open(시가),→12:30,손절3%+익절5%,train
14244,0.22978096040438079,-0.014536600482790206,-0.03597000000000005,0.45669081715861276,-41.77907902079711,0.05317702636515734,-0.03473773991158724,open(시가),→12:30,손절3%+익절10%,train
14244,0.2993541140129177,-0.01664485993694913,-0.044950618250838785,0.4914722205833344,-37.918631692995326,0.05373771641228441,-0.04671613303846534,open(시가),→12:30,손절5%+익절10%,train
14244,0.2335018253299635,-0.013215889961704932,-0.03597000000000005,0.4853861479847004,-31.3221037192665,0.05338411411912915,-0.03350455213177767,open(시가),→12:30,트레일3%,train
14244,0.28531311429373774,-0.015388600002790874,-0.03694038986491021,0.5170849526091938,-25.816262218013527,0.057752200779486014,-0.04458744227972341,open(시가),→12:30,트레일5%,train
14244,0.22191800056164,-0.0140498302482195,-0.03597000000000005,0.47516685495165906,-32.33962843711655,0.057319636922834816,-0.034405229122865595,open(시가),→12:30,손절3%+트레일5%,train
14244,0.35727323785453524,-0.014993664685584876,-0.02128097331462919,0.6415491240955916,-14.257218047940478,0.07511169779536915,-0.0650806324262266,open(시가),→14:30,손절없음,train
14244,0.15873350182532997,-0.010849670321577973,-0.02598,0.5205268713839244,-22.835920804378166,0.07420391614602335,-0.02689791859022911,open(시가),→14:30,손절2%,train
14244,0.20850884582982307,-0.013069572504434815,-0.03597000000000005,0.5311422760465546,-24.568183072743416,0.07100790399669822,-0.03521877466944857,open(시가),→14:30,손절3%,train
14244,0.2758354394832912,-0.015364317056713303,-0.05594999999999994,0.5583284608025572,-23.263308818954705,0.0704131135788769,-0.04803707759643545,open(시가),→14:30,손절5%,train
14244,0.2572311148553777,-0.017081478164399328,-0.03597000000000005,0.3539307281790317,-62.27953091686466,0.03637819394638354,-0.03559530033962697,open(시가),→14:30,손절3%+익절5%,train
14244,0.2241645605167088,-0.014549688557994284,-0.03597000000000005,0.4682328312747779,-40.667644694154305,0.05715142785561611,-0.03526651642050971,open(시가),→14:30,손절3%+익절10%,train
14244,0.2985818590283628,-0.01661127127078121,-0.05594999999999994,0.5080084483652552,-36.58077863868917,0.057445067280525106,-0.048135804136230684,open(시가),→14:30,손절5%+익절10%,train
14244,0.230342600393148,-0.01322985585546587,-0.03597000000000005,0.4879753558649445,-31.16792253069693,0.054737867259306724,-0.033571194862997464,open(시가),→14:30,트레일3%,train
14244,0.2834175793316484,-0.015313788059549142,-0.03957033295124212,0.5270959979811657,-25.298729349198005,0.06022441322852167,-0.04519011985145095,open(시가),→14:30,트레일5%,train
14244,0.2180567256388655,-0.014030579321154256,-0.03597000000000005,0.4833460253229163,-31.514088917572817,0.060195564815500764,-0.0347296638685102,open(시가),→14:30,손절3%+트레일5%,train
14244,0.36267902274641955,-0.015002592365258192,-0.021726099487264946,0.6601261974157436,-10.970598181152893,0.08034394458509271,-0.06926126276463171,open(시가),→종가,손절없음,train
14244,0.15094074698118506,-0.01098657472319287,-0.02598,0.5212780179556228,-22.22649588781822,0.07925777208938775,-0.027029682516069367,open(시가),→종가,손절2%,train
14244,0.20120752597584948,-0.01334599568159865,-0.03597000000000005,0.530666597644063,-24.210526040375726,0.0749975449853299,-0.035598815821466574,open(시가),→종가,손절3%,train
14244,0.27049985959000283,-0.015609278521881624,-0.05594999999999994,0.5634837349024436,-20.648023242186543,0.0744897882698309,-0.04901816162730634,open(시가),→종가,손절5%,train
14244,0.2568800898623982,-0.017106390384300497,-0.03597000000000005,0.35889852371259473,-61.718169508690146,0.03727973609541563,-0.035906469438554744,open(시가),→종가,손절3%+익절5%,train
14244,0.2199522606009548,-0.01462977950926362,-0.03597000000000005,0.47342986210056454,-40.249842085615924,0.05980104491460859,-0.03561724894675724,open(시가),→종가,손절3%+익절10%,train
14244,0.2976691940466161,-0.016703864236071866,-0.05594999999999994,0.515501490223823,-36.069638686546206,0.059706352332352275,-0.049088842069950143,open(시가),→종가,손절5%+익절10%,train
14244,0.2297107554057849,-0.013239302152697035,-0.03597000000000005,0.4888827288669406,-31.111506121892372,0.05512744979224741,-0.03362719974327835,open(시가),→종가,트레일3%,train
14244,0.2814518393709632,-0.015419779154659308,-0.04082370778468863,0.5284633147087376,-25.348967228882174,0.06140071390202528,-0.04550999475448817,open(시가),→종가,트레일5%,train
14244,0.21489750070205,-0.014163768261380523,-0.03597000000000005,0.4828846648653409,-31.666127439383715,0.06154651186839769,-0.03488711329198511,open(시가),→종가,손절3%+트레일5%,train
10296,0.3586829836829837,-0.017184989716536276,-0.020235032147779993,0.5921412028227522,-15.66167423624071,0.0695590993716839,-0.06570019810708558,open(시가),→12:30,손절없음,test
10296,0.17142579642579642,-0.010787014929604868,-0.02598000000000011,0.5212117587913873,-17.62769976424566,0.06850082992083537,-0.027191076137086646,open(시가),→12:30,손절2%,test
10296,0.22144522144522144,-0.012639139716042594,-0.03597000000000005,0.540937848895598,-18.492939166988084,0.0672553882059258,-0.035363631190853964,open(시가),→12:30,손절3%,test
10296,0.2841880341880342,-0.01489342452338954,-0.05594999999999994,0.5611951578945106,-18.099608378947014,0.06702414535680638,-0.04741592241612404,open(시가),→12:30,손절5%,test
10296,0.26078088578088576,-0.016969734085716247,-0.03597000000000005,0.35906872833749265,-52.122986831354176,0.03645569672930852,-0.03581709734131228,open(시가),→12:30,손절3%+익절5%,test
10296,0.23407148407148406,-0.013966037753124676,-0.03597000000000005,0.48568673755511704,-32.8862018192569,0.05634471987289175,-0.03545334765405031,open(시가),→12:30,손절3%+익절10%,test
10296,0.30303030303030304,-0.016430725422019635,-0.052487697774127366,0.5053824770528255,-31.190008330655385,0.05540147908924465,-0.04766211868778672,open(시가),→12:30,손절5%+익절10%,test
10296,0.23484848484848486,-0.011900568516390377,-0.03597000000000005,0.5451862941416556,-18.70039095063635,0.060742313927076685,-0.03419689877131592,open(시가),→12:30,트레일3%,test
10296,0.289044289044289,-0.014164995154223163,-0.03847498728479786,0.5609238926429659,-18.970330392810833,0.06260603090272214,-0.04537682214130912,open(시가),→12:30,트레일5%,test
10296,0.2233877233877234,-0.013062985703304157,-0.03597000000000005,0.5210181222262376,-20.516021188927724,0.0636087551762101,-0.03511713828245408,open(시가),→12:30,손절3%+트레일5%,test
10296,0.36645299145299143,-0.016225359227398012,-0.021541671114669644,0.6357301329531522,-14.155791525771557,0.07727261317521328,-0.0703059739560585,open(시가),→14:30,손절없음,test
10296,0.15947940947940947,-0.011123013730780578,-0.02598000000000011,0.5160530685026865,-21.405458918370954,0.07437285933583822,-0.027344902288139957,open(시가),→14:30,손절2%,test
10296,0.20998445998446,-0.013025428901272477,-0.03597000000000005,0.5406063056285504,-21.379173374829072,0.07299631794663868,-0.03588982731351539,open(시가),→14:30,손절3%,test
10296,0.27913752913752915,-0.015312310083298067,-0.05594999999999994,0.5674812824882906,-20.34430806814561,0.0719729196025035,-0.04911152190180975,open(시가),→14:30,손절5%,test
10296,0.260003885003885,-0.017051375817383325,-0.03597000000000005,0.3654724562010292,-51.578960806150775,0.03777319862258176,-0.03631445309468828,open(시가),→14:30,손절3%+익절5%,test
10296,0.22698135198135197,-0.014175351361544113,-0.03597000000000005,0.49014545320988695,-32.647892222750606,0.06003746350538139,-0.035966449281383914,open(시가),→14:30,손절3%+익절10%,test
10296,0.30225330225330227,-0.01660745477173801,-0.05594999999999994,0.5168345073063977,-30.5252390429567,0.05877432045569113,-0.04926169816090274,open(시가),→14:30,손절5%+익절10%,test
10296,0.2329059829059829,-0.011896133956135944,-0.03597000000000005,0.5469771247441032,-18.59106558842061,0.0616700403931207,-0.03423238187833364,open(시가),→14:30,트레일3%,test
10296,0.28535353535353536,-0.014394227004762793,-0.04144415755772273,0.5614224501128173,-19.082217023944814,0.06457262892236566,-0.04592516241029464,open(시가),→14:30,트레일5%,test
10296,0.21726884226884227,-0.013287194449150866,-0.03597000000000005,0.5196165326040626,-20.65829368782345,0.06615013707195204,-0.03533723919573322,open(시가),→14:30,손절3%+트레일5%,test
10296,0.38073038073038074,-0.013088467887860939,-0.020211067210287977,0.7134356160626932,-9.489801666557394,0.08558622133435786,-0.07375421157529785,open(시가),→종가,손절없음,test
10296,0.1524864024864025,-0.010736155403202373,-0.02598000000000011,0.5389809041842906,-18.979268507248833,0.08231370208711355,-0.027477878559264254,open(시가),→종가,손절2%,test
10296,0.20415695415695415,-0.012337126015427653,-0.03597000000000005,0.5719559293943388,-18.41389655793838,0.08074653671616289,-0.03621580054091012,open(시가),→종가,손절3%,test
10296,0.2774864024864025,-0.014519361994110035,-0.05595000000000005,0.6006808286243246,-17.37946508967591,0.07870991376798188,-0.050324717667224246,open(시가),→종가,손절5%,test
10296,0.26252913752913754,-0.016955688597166414,-0.03597000000000005,0.37275253899017163,-50.737764020712255,0.038381294506274005,-0.036654867489382854,open(시가),→종가,손절3%+익절5%,test
10296,0.22474747474747475,-0.013917797693974861,-0.03597000000000005,0.5052456179760402,-31.366447539149128,0.06323952580959992,-0.03628588170641184,open(시가),→종가,손절3%+익절10%,test
10296,0.30545843045843046,-0.016219772379557264,-0.05594999999999994,0.5369020258722395,-29.03189895592977,0.061562294891850784,-0.05042821897004507,open(시가),→종가,손절5%+익절10%,test
10296,0.23203185703185703,-0.011919637787815372,-0.03597000000000005,0.5467979385655253,-18.627275656640688,0.06197983766963625,-0.03424742922171595,open(시가),→종가,트레일3%,test
10296,0.2867132867132867,-0.014187769567253334,-0.04276789266495406,0.57056554293409,-18.65850817179068,0.06574685134187296,-0.04631835248170605,open(시가),→종가,트레일5%,test
10296,0.2161033411033411,-0.01317459714383356,-0.03597000000000005,0.5262911743585534,-20.328750314781942,0.06773146569597685,-0.03547864742491126,open(시가),→종가,손절3%+트레일5%,test
4044,0.3434718100890208,-0.010305466093771804,-0.013050028976057778,0.594066003925086,-10.1483617923528,0.04390922946377169,-0.038668634504102475,h1_green(첫1h 양봉·상단마감→10:30),→12:30,손절없음,train
4044,0.2274975272007913,-0.010034431923855447,-0.02598,0.47637525934523495,-14.861304391631665,0.0401277815389639,-0.024806914761817612,h1_green(첫1h 양봉·상단마감→10:30),→12:30,손절2%,train
4044,0.27299703264094954,-0.010592495880444036,-0.025761075097970206,0.5104876909827362,-14.074341282584761,0.04046336859858306,-0.029764493970527682,h1_green(첫1h 양봉·상단마감→10:30),→12:30,손절3%,train
4044,0.31132542037586547,-0.011531660694141264,-0.0169566194440352,0.5253289942749856,-13.821336435671048,0.04099358864665876,-0.03527646820583506,h1_green(첫1h 양봉·상단마감→10:30),→12:30,손절5%,train
4044,0.30019782393669636,-0.01242427991507142,-0.023279585373643493,0.40612241172119684,-26.123752149592576,0.028302428887407766,-0.02989503061691231,h1_green(첫1h 양봉·상단마감→10:30),→12:30,손절3%+익절5%,train
4044,0.2801681503461919,-0.010882909541553546,-0.024649442438352372,0.4913254072941289,-18.804240279794985,0.03751936100086915,-0.029721718378573445,h1_green(첫1h 양봉·상단마감→10:30),→12:30,손절3%+익절10%,train
4044,0.31948565776458954,-0.011523123178570878,-0.01647304698763818,0.518392960382906,-16.959377775101288,0.03882264374121269,-0.03515928991562043,h1_green(첫1h 양봉·상단마감→10:30),→12:30,손절5%+익절10%,train
4044,0.2776953511374876,-0.009609395330113948,-0.0213540686637087,0.5278456239472624,-11.608667493835242,0.038685690902778375,-0.02817679753468022,h1_green(첫1h 양봉·상단마감→10:30),→12:30,트레일3%,train
4044,0.3115727002967359,-0.010524285258318245,-0.016549652239020326,0.5476701090602325,-11.617298552064508,0.040897519062348224,-0.0337970846275854,h1_green(첫1h 양봉·상단마감→10:30),→12:30,트레일5%,train
4044,0.2687932739861523,-0.01086337858462019,-0.026245706832540124,0.4999154834411692,-13.132025882191527,0.04040170538030238,-0.029708541340748306,h1_green(첫1h 양봉·상단마감→10:30),→12:30,손절3%+트레일5%,train
4044,0.367457962413452,-0.010119028009797023,-0.013782417316938408,0.6598438258187094,-7.16975710078756,0.053418776239911044,-0.047029574184568795,h1_green(첫1h 양봉·상단마감→10:30),→14:30,손절없음,train
4044,0.2089515331355094,-0.009936017713710788,-0.02598,0.5185665050428899,-9.768372541514058,0.05121945515426606,-0.026089932866396135,h1_green(첫1h 양봉·상단마감→10:30),→14:30,손절2%,train
4044,0.2613748763600396,-0.01074727428299288,-0.03596999999999994,0.5473162099776686,-9.950790895112414,0.04971390292705943,-0.032142474922773695,h1_green(첫1h 양봉·상단마감→10:30),→14:30,손절3%,train
4044,0.3155291790306627,-0.011314951693815604,-0.020904868437528586,0.5832048718062824,-9.543826186005827,0.05017780806594637,-0.03966204759463073,h1_green(첫1h 양봉·상단마감→10:30),→14:30,손절5%,train
4044,0.3115727002967359,-0.012251969644567052,-0.03596999999999994,0.4479690409490152,-23.977014828190285,0.03191031419835384,-0.03223921017692349,h1_green(첫1h 양봉·상단마감→10:30),→14:30,손절3%+익절5%,train
4044,0.27695351137487634,-0.010998507874281954,-0.03596999999999994,0.5269311572041647,-17.391804572126667,0.044234021811901614,-0.03215460679648633,h1_green(첫1h 양봉·상단마감→10:30),→14:30,손절3%+익절10%,train
4044,0.3333333333333333,-0.011501417395695164,-0.019088517737876506,0.5646344705449504,-15.268410789944047,0.044749271237873596,-0.03962676171247954,h1_green(첫1h 양봉·상단마감→10:30),→14:30,손절5%+익절10%,train
4044,0.27522255192878337,-0.00960314413754595,-0.02381167256655414,0.5437366375546578,-11.456273455523228,0.04158171816620731,-0.02903977045759965,h1_green(첫1h 양봉·상단마감→10:30),→14:30,트레일3%,train
4044,0.31775469831849656,-0.010483277857115144,-0.018828471860845516,0.5786957375781886,-10.992800976741494,0.04531683251758026,-0.036472093308903324,h1_green(첫1h 양봉·상단마감→10:30),→14:30,트레일5%,train
4044,0.26582591493570723,-0.011262457833061668,-0.03596999999999994,0.5154267252325729,-13.269237859855279,0.045065410946667696,-0.031657358115382,h1_green(첫1h 양봉·상단마감→10:30),→14:30,손절3%+트레일5%,train
4044,0.3600395647873393,-0.01113793972001176,-0.01525014879347952,0.6644221134809857,-5.97387843870893,0.06124989927648354,-0.051863091798410976,h1_green(첫1h 양봉·상단마감→10:30),→종가,손절없음,train
4044,0.1923837784371909,-0.010059855686391839,-0.02598,0.531167173053609,-6.672001437734572,0.05924292802228575,-0.02656860208117174,h1_green(첫1h 양봉·상단마감→10:30),→종가,손절2%,train
4044,0.2423343224530168,-0.011131000096185908,-0.03597000000000005,0.5595776694764774,-7.13029151905176,0.05835933066560145,-0.0333570197262615,h1_green(첫1h 양봉·상단마감→10:30),→종가,손절3%,train
4044,0.3004451038575668,-0.012314989396347377,-0.027094849559096686,0.5838745164678658,-7.476024593223698,0.05751274800692589,-0.04230463271376591,h1_green(첫1h 양봉·상단마감→10:30),→종가,손절5%,train
4044,0.30909990108803165,-0.012589900363587096,-0.03596999999999994,0.45612022854314493,-23.85195646350416,0.0341585835776398,-0.03350457642891767,h1_green(첫1h 양봉·상단마감→10:30),→종가,손절3%+익절5%,train
4044,0.2623639960435213,-0.011636405483353698,-0.03596999999999994,0.526644728739667,-17.70034696850772,0.04934522495697549,-0.033326485904805005,h1_green(첫1h 양봉·상단마감→10:30),→종가,손절3%+익절10%,train
4044,0.3249258160237389,-0.012285889741054247,-0.024272875936375,0.5682457055260458,-15.45260377908797,0.04976475741781397,-0.04215202540653147,h1_green(첫1h 양봉·상단마감→10:30),→종가,손절5%+익절10%,train
4044,0.27398615232443124,-0.009692662316830167,-0.025217171599575313,0.5460605736208324,-11.48944659053319,0.04255566540329404,-0.02941035547551464,h1_green(첫1h 양봉·상단마감→10:30),→종가,트레일3%,train
4044,0.31429277942631056,-0.010803070796164464,-0.02131454612278116,0.5815664862080115,-11.117439027075395,0.0477733535685822,-0.03765147879024777,h1_green(첫1h 양봉·상단마감→10:30),→종가,트레일5%,train
4044,0.258160237388724,-0.011651603398406967,-0.03596999999999994,0.5169092308262943,-13.482744595457598,0.04829274484872883,-0.03251223658841023,h1_green(첫1h 양봉·상단마감→10:30),→종가,손절3%+트레일5%,train
3039,0.32773938795656465,-0.013628549285558412,-0.014173219484520546,0.5156267957452657,-10.523967966561552,0.04426661968164822,-0.0418535068437267,h1_green(첫1h 양봉·상단마감→10:30),→12:30,손절없음,test
3039,0.20960842382362618,-0.01191361932958226,-0.02598,0.4138357316971779,-16.232005670327474,0.04012764124224065,-0.025714736308870847,h1_green(첫1h 양봉·상단마감→10:30),→12:30,손절2%,test
3039,0.2592958209937479,-0.012014536942295055,-0.03253612542383532,0.4685538437194947,-14.04226302683124,0.040851852416426054,-0.030521296078089028,h1_green(첫1h 양봉·상단마감→10:30),→12:30,손절3%,test
3039,0.2981243830207305,-0.013190222624097225,-0.018201007634011664,0.47913181910977715,-13.719505022740865,0.04069881960599407,-0.03607980174292644,h1_green(첫1h 양봉·상단마감→10:30),→12:30,손절5%,test
3039,0.29088515959197103,-0.013214410846100323,-0.02855559552629194,0.39609149710768815,-21.4699712624516,0.0297954957219803,-0.030857453725999753,h1_green(첫1h 양봉·상단마감→10:30),→12:30,손절3%+익절5%,test
3039,0.2662059888121093,-0.012381609034874515,-0.031301120960874444,0.4482064734584522,-17.521389386657614,0.03777989865216774,-0.03057921428994949,h1_green(첫1h 양봉·상단마감→10:30),→12:30,손절3%+익절10%,test
3039,0.30766699572227707,-0.013084574712922467,-0.017589052932901802,0.47698420853191015,-15.923619138932697,0.038785366526860626,-0.03613514270683748,h1_green(첫1h 양봉·상단마감→10:30),→12:30,손절5%+익절10%,test
3039,0.26061204343534056,-0.011955861804822028,-0.024944835725603017,0.4481386978619347,-15.210488331275672,0.03725365699208887,-0.02930073892416045,h1_green(첫1h 양봉·상단마감→10:30),→12:30,트레일3%,test
3039,0.2958209937479434,-0.012587580144104694,-0.018144166115349965,0.48372327822577144,-13.209884200662708,0.039868298456586966,-0.034623951574956,h1_green(첫1h 양봉·상단마감→10:30),→12:30,트레일5%,test
3039,0.25567620927936824,-0.012846352898841697,-0.03322807288653439,0.43499420774353525,-15.427843302709801,0.03868299605652538,-0.030546752606321902,h1_green(첫1h 양봉·상단마감→10:30),→12:30,손절3%+트레일5%,test
3039,0.3435340572556762,-0.0127432962229119,-0.015600762700523348,0.6026240379652815,-8.519703444101047,0.056254444285380595,-0.04885038448890556,h1_green(첫1h 양봉·상단마감→10:30),→14:30,손절없음,test
3039,0.18821980914774597,-0.01215566226531907,-0.02598,0.44028033937682765,-14.593930353295566,0.050800972568679166,-0.026752822834855753,h1_green(첫1h 양봉·상단마감→10:30),→14:30,손절2%,test
3039,0.23790720631786771,-0.012833104120318944,-0.03597000000000005,0.4867328929905417,-13.621041010907744,0.05115303237635926,-0.032808050876406314,h1_green(첫1h 양봉·상단마감→10:30),→14:30,손절3%,test
3039,0.2918723264231655,-0.01374620716994244,-0.023976843788230947,0.5229398219303257,-12.347188616127493,0.05162600437460624,-0.04069098023686375,h1_green(첫1h 양봉·상단마감→10:30),→14:30,손절5%,test
3039,0.2882527147087858,-0.013790199952603329,-0.03596999999999994,0.4132886963090247,-21.310345517065873,0.03369971507243477,-0.03302328620407507,h1_green(첫1h 양봉·상단마감→10:30),→14:30,손절3%+익절5%,test
3039,0.25238565317538664,-0.012787490283962866,-0.03596999999999994,0.47932760300170174,-16.599253120716284,0.04664322145650277,-0.032850587073107736,h1_green(첫1h 양봉·상단마감→10:30),→14:30,손절3%+익절10%,test
3039,0.3099703849950642,-0.013420075799327292,-0.022159284918965457,0.5213730958269297,-14.671260656506972,0.047161355139338605,-0.04063405192914287,h1_green(첫1h 양봉·상단마감→10:30),→14:30,손절5%+익절10%,test
3039,0.2474498190194143,-0.012025035735836125,-0.02722854748185277,0.4610007597437273,-14.602787246127125,0.04156355852714149,-0.02964577158444092,h1_green(첫1h 양봉·상단마감→10:30),→14:30,트레일3%,test
3039,0.29022704837117475,-0.012732403412612612,-0.021752217324522812,0.5158653138466618,-12.495636828536961,0.04674580398226256,-0.0370531168675407,h1_green(첫1h 양봉·상단마감→10:30),→14:30,트레일5%,test
3039,0.24086870681145114,-0.013322703873782375,-0.03596999999999994,0.456212712062853,-14.985245617098908,0.04640345585060189,-0.03227352698529051,h1_green(첫1h 양봉·상단마감→10:30),→14:30,손절3%+트레일5%,test
3039,0.37347811780190854,-0.010338999210914152,-0.014590075554901768,0.7024612142923788,-5.654994502445062,0.06535699931483692,-0.055462401693439085,h1_green(첫1h 양봉·상단마감→10:30),→종가,손절없음,test
3039,0.1773609740046068,-0.012232642832316157,-0.02598000000000011,0.45864179586566445,-14.056942350310868,0.05843205184315423,-0.027467951004347572,h1_green(첫1h 양봉·상단마감→10:30),→종가,손절2%,test
3039,0.23856531753866403,-0.012022499370590915,-0.03597000000000005,0.5412490813152432,-10.981934974448873,0.05945764200206207,-0.034417962851651156,h1_green(첫1h 양봉·상단마감→10:30),→종가,손절3%,test
3039,0.3027311615663047,-0.012510215485257561,-0.028512560827324337,0.5886392283900944,-9.862591699667473,0.05913355521909471,-0.04361558077454689,h1_green(첫1h 양봉·상단마감→10:30),→종가,손절5%,test
3039,0.3020730503455084,-0.013562689577717573,-0.03597000000000005,0.44012172257475174,-20.244174769470565,0.03529498705519339,-0.034709010722937875,h1_green(첫1h 양봉·상단마감→10:30),→종가,손절3%+익절5%,test
3039,0.2560052648897664,-0.012554932644624636,-0.03597000000000005,0.5102906031023174,-15.52985889667462,0.051102791420237124,-0.03445927113310869,h1_green(첫1h 양봉·상단마감→10:30),→종가,손절3%+익절10%,test
3039,0.3260941099045739,-0.01260253030930758,-0.025928047517404847,0.5710410722062387,-12.972502350439472,0.051447755323719736,-0.043595612859273436,h1_green(첫1h 양봉·상단마감→10:30),→종가,손절5%+익절10%,test
3039,0.25370187561697927,-0.011994691273479102,-0.0286857233981308,0.4677237863955732,-14.529735695559394,0.04154490730593976,-0.030195322007487892,h1_green(첫1h 양봉·상단마감→10:30),→종가,트레일3%,test
3039,0.3050345508390918,-0.012208607655816958,-0.024204969901652548,0.5470279610115069,-11.631594623993713,0.04833427781281138,-0.0387821184652007,h1_green(첫1h 양봉·상단마감→10:30),→종가,트레일5%,test
3039,0.24909509707140506,-0.013143477429663418,-0.03597000000000005,0.47820570796968676,-14.400004903524145,0.04835713204795509,-0.033544862782230116,h1_green(첫1h 양봉·상단마감→10:30),→종가,손절3%+트레일5%,test
2432,0.36225328947368424,-0.009789229443335044,-0.014361271543004036,0.6655084735324803,-6.289420489025857,0.05376561761442811,-0.04588969382624241,h1_green_strong(+위조건 & 첫1h +3%↑),→12:30,손절없음,train
2432,0.20929276315789475,-0.009961429442499573,-0.02598,0.5208583179391454,-9.718152157830767,0.05173960423070415,-0.026293112302437534,h1_green_strong(+위조건 & 첫1h +3%↑),→12:30,손절2%,train
2432,0.26480263157894735,-0.010341875980036705,-0.03596999999999994,0.5673222797804958,-9.032008620221136,0.051208533094691165,-0.03251103898010648,h1_green_strong(+위조건 & 첫1h +3%↑),→12:30,손절3%,train
2432,0.31620065789473684,-0.011503588013899231,-0.021947734066536825,0.5821658031670699,-9.074500065179704,0.05068894595282239,-0.04026249277662258,h1_green_strong(+위조건 & 첫1h +3%↑),→12:30,손절5%,train
2432,0.30304276315789475,-0.01310190834388615,-0.03596999999999994,0.42688124855541726,-19.85193527304956,0.03220276032888928,-0.03280075248066225,h1_green_strong(+위조건 & 첫1h +3%↑),→12:30,손절3%+익절5%,train
2432,0.2759046052631579,-0.01113190389763482,-0.03596999999999994,0.5268472698532534,-13.551846866536087,0.04492559961856694,-0.03249169087058847,h1_green_strong(+위조건 & 첫1h +3%↑),→12:30,손절3%+익절10%,train
2432,0.32894736842105265,-0.011833737320945883,-0.02072484373876104,0.5611896948566418,-12.060466720872803,0.04600747277189966,-0.04018727168018389,h1_green_strong(+위조건 & 첫1h +3%↑),→12:30,손절5%+익절10%,train
2432,0.2738486842105263,-0.008993650495486453,-0.03053320598057113,0.5956717650049352,-7.008889384675776,0.04838361265812883,-0.03063196151491328,h1_green_strong(+위조건 & 첫1h +3%↑),→12:30,트레일3%,train
2432,0.3178453947368421,-0.0099424396983558,-0.020142382001237188,0.6181343927960048,-7.105715575378781,0.050634835717073924,-0.038168017694815815,h1_green_strong(+위조건 & 첫1h +3%↑),→12:30,트레일5%,train
2432,0.2590460526315789,-0.01065045504108777,-0.03596999999999994,0.5562829567658175,-8.329108490295706,0.051544321663895123,-0.03239446687468334,h1_green_strong(+위조건 & 첫1h +3%↑),→12:30,손절3%+트레일5%,train
2432,0.3852796052631579,-0.009057343252022993,-0.01495024875621875,0.7368097425403395,-4.127582987055762,0.06581279834895808,-0.05598264270360777,h1_green_strong(+위조건 & 첫1h +3%↑),→14:30,손절없음,train
2432,0.18215460526315788,-0.009627144543179103,-0.02598,0.5663052395238134,-5.998955510384525,0.0690118613590314,-0.027142016144325033,h1_green_strong(+위조건 & 첫1h +3%↑),→14:30,손절2%,train
2432,0.24342105263157895,-0.01029841172286318,-0.03597000000000005,0.6047739331391354,-6.070308682776544,0.06473804766519616,-0.03444057691728227,h1_green_strong(+위조건 & 첫1h +3%↑),→14:30,손절3%,train
2432,0.31167763157894735,-0.010985748240800397,-0.03162670320279686,0.6429721439854734,-5.915701423541199,0.06347665942990222,-0.0447028958001747,h1_green_strong(+위조건 & 첫1h +3%↑),→14:30,손절5%,train
2432,0.3104440789473684,-0.012851384974477211,-0.03596999999999994,0.464061270572951,-18.37145534557333,0.03584484732110446,-0.03477485270444988,h1_green_strong(+위조건 & 첫1h +3%↑),→14:30,손절3%+익절5%,train
2432,0.2668585526315789,-0.010993357476768101,-0.03597000000000005,0.5656242315022778,-12.338450655207257,0.05364282491129505,-0.034520492849652556,h1_green_strong(+위조건 & 첫1h +3%↑),→14:30,손절3%+익절10%,train
2432,0.3384046052631579,-0.011643274701655937,-0.02811749206169994,0.6071593165772597,-10.783331895600295,0.053177153311189544,-0.044798782628673844,h1_green_strong(+위조건 & 첫1h +3%↑),→14:30,손절5%+익절10%,train
2432,0.26932565789473684,-0.009006125142426184,-0.0323049242800647,0.6043746828313216,-6.990780849254172,0.05108371060389346,-0.031155164204800613,h1_green_strong(+위조건 & 첫1h +3%↑),→14:30,트레일3%,train
2432,0.31866776315789475,-0.00992390801307585,-0.02429004874917928,0.6408222745683143,-6.827406089810378,0.055561351530483784,-0.040552197781487866,h1_green_strong(+위조건 & 첫1h +3%↑),→14:30,트레일5%,train
2432,0.25082236842105265,-0.011066800564413632,-0.03597000000000005,0.5636170638825599,-8.59197575116876,0.05698652729904334,-0.033850845568095714,h1_green_strong(+위조건 & 첫1h +3%↑),→14:30,손절3%+트레일5%,train
2432,0.37582236842105265,-0.009419753037842031,-0.01705842293144277,0.7504718981576076,-3.19232959910513,0.07538273031124755,-0.06048000981061401,h1_green_strong(+위조건 & 첫1h +3%↑),→종가,손절없음,train
2432,0.16488486842105263,-0.009356503051337697,-0.02598,0.590895694007063,-3.8282109496307446,0.08196143170662173,-0.02738628731423368,h1_green_strong(+위조건 & 첫1h +3%↑),→종가,손절2%,train
2432,0.2216282894736842,-0.010301649729680975,-0.03597000000000005,0.6240405219858043,-4.097146060026434,0.07715309244271597,-0.03520292074443108,h1_green_strong(+위조건 & 첫1h +3%↑),→종가,손절3%,train
2432,0.29317434210526316,-0.011531390890942298,-0.04852563252367225,0.6510349771518937,-4.368272181159313,0.07338007602834533,-0.046750632260024357,h1_green_strong(+위조건 & 첫1h +3%↑),→종가,손절5%,train
2432,0.3079769736842105,-0.013091995014797433,-0.03597000000000005,0.4687825938752338,-18.340975086571326,0.03751342911912169,-0.035613363212245695,h1_green_strong(+위조건 & 첫1h +3%↑),→종가,손절3%+익절5%,train
2432,0.2504111842105263,-0.011539985835132174,-0.03597000000000005,0.562833227480479,-12.585914150651194,0.0593313372563152,-0.03521559513995469,h1_green_strong(+위조건 & 첫1h +3%↑),→종가,손절3%+익절10%,train
2432,0.328125,-0.012235257103662897,-0.03613752739202752,0.6103915208281965,-10.874158371795593,0.05841896670639992,-0.04674080826671684,h1_green_strong(+위조건 & 첫1h +3%↑),→종가,손절5%+익절10%,train
2432,0.2713815789473684,-0.009094881084636885,-0.03318593997660651,0.603341878521126,-7.042608532735284,0.050975768339443714,-0.03146882500105516,h1_green_strong(+위조건 & 첫1h +3%↑),→종가,트레일3%,train
2432,0.3125,-0.010250214769299434,-0.026269588086599512,0.638202796465198,-6.99210616616198,0.0578597350446929,-0.04120928286656868,h1_green_strong(+위조건 & 첫1h +3%↑),→종가,트레일5%,train
2432,0.24259868421052633,-0.01147555104709595,-0.03597000000000005,0.5586320238382149,-8.84459806582818,0.05987011839951346,-0.034327855592969754,h1_green_strong(+위조건 & 첫1h +3%↑),→종가,손절3%+트레일5%,train
1938,0.34004127966976266,-0.0157542550632695,-0.015384395770040468,0.5160536969571147,-8.51891891903445,0.04940420870299627,-0.04932691153079814,h1_green_strong(+위조건 & 첫1h +3%↑),→12:30,손절없음,test
1938,0.19091847265221878,-0.013404935035782857,-0.02598000000000011,0.3865883659373392,-14.524057066137686,0.04425002636361722,-0.02700974097824333,h1_green_strong(+위조건 & 첫1h +3%↑),→12:30,손절2%,test
1938,0.25386996904024767,-0.013158041872188244,-0.03596999999999994,0.4634856766452979,-11.7200272253299,0.04477493155582645,-0.03286967598462478,h1_green_strong(+위조건 & 첫1h +3%↑),→12:30,손절3%,test
1938,0.3028895768833849,-0.014795225363576645,-0.022347825700148812,0.4743847940458982,-11.507079629232363,0.04408593897513539,-0.04037867722651074,h1_green_strong(+위조건 & 첫1h +3%↑),→12:30,손절5%,test
1938,0.2951496388028896,-0.013926557250964741,-0.03596999999999994,0.40892594570455787,-16.479256960509325,0.032644068722289095,-0.03342758071853515,h1_green_strong(+위조건 & 첫1h +3%↑),→12:30,손절3%+익절5%,test
1938,0.26212590299277605,-0.013222421260080537,-0.03596999999999994,0.45627115749811653,-13.738954031089616,0.04232935931491936,-0.032956899953856714,h1_green_strong(+위조건 & 첫1h +3%↑),→12:30,손절3%+익절10%,test
1938,0.31475748194014447,-0.014256909154428657,-0.021177266976477035,0.48658408389432767,-12.615025153721449,0.04292772678260762,-0.04052394825201309,h1_green_strong(+위조건 & 첫1h +3%↑),→12:30,손절5%+익절10%,test
1938,0.26212590299277605,-0.012705228636623737,-0.03466216203542571,0.45500112125675385,-11.756191658986253,0.040465918576962925,-0.03159399981459717,h1_green_strong(+위조건 & 첫1h +3%↑),→12:30,트레일3%,test
1938,0.2982456140350877,-0.013765244264452033,-0.021096033769760932,0.4878160969060393,-10.420289182085025,0.04395821596160602,-0.03829771486052671,h1_green_strong(+위조건 & 첫1h +3%↑),→12:30,트레일5%,test
1938,0.24819401444788441,-0.01413283728998428,-0.03596999999999994,0.4284735055790687,-12.456653636155927,0.04268995137721974,-0.03289176752260277,h1_green_strong(+위조건 & 첫1h +3%↑),→12:30,손절3%+트레일5%,test
1938,0.35810113519091846,-0.014207781606574162,-0.01658740155476812,0.6134406461948041,-6.738080395909296,0.06296177124139403,-0.05725896301854356,h1_green_strong(+위조건 & 첫1h +3%↑),→14:30,손절없음,test
1938,0.16666666666666666,-0.013863932622994169,-0.02598000000000011,0.398008632587789,-13.809576180670023,0.05499711621401452,-0.027636142390395906,h1_green_strong(+위조건 & 첫1h +3%↑),→14:30,손절2%,test
1938,0.22445820433436534,-0.014237646150381105,-0.03597000000000005,0.4687488148034008,-12.037270645726235,0.0559684115949792,-0.03455676465951732,h1_green_strong(+위조건 & 첫1h +3%↑),→14:30,손절3%,test
1938,0.2915376676986584,-0.015269838430966812,-0.035002011678686655,0.5182098476320659,-10.42444651071482,0.056336194811117936,-0.04473626871631123,h1_green_strong(+위조건 & 첫1h +3%↑),→14:30,손절5%,test
1938,0.2837977296181631,-0.014508954730529627,-0.03597000000000005,0.4196919298720337,-16.56693202579822,0.03697423669485235,-0.0349093547910196,h1_green_strong(+위조건 & 첫1h +3%↑),→14:30,손절3%+익절5%,test
1938,0.24045407636738905,-0.013639859857806939,-0.03597000000000005,0.4815203107617146,-13.171889966376662,0.05268180259954466,-0.034635712239006564,h1_green_strong(+위조건 & 첫1h +3%↑),→14:30,손절3%+익절10%,test
1938,0.31217750257997934,-0.014554984293300783,-0.03062496933584696,0.5271347490333329,-11.724061766056424,0.05197498644183385,-0.044750507395143586,h1_green_strong(+위조건 & 첫1h +3%↑),→14:30,손절5%+익절10%,test
1938,0.24406604747162022,-0.012708490159516517,-0.03552707776599478,0.46539360313684985,-11.343377580074772,0.04532865653750753,-0.031446763461695615,h1_green_strong(+위조건 & 첫1h +3%↑),→14:30,트레일3%,test
1938,0.2853457172342621,-0.013966473151676703,-0.026027411369236805,0.5109512998812816,-10.059880291738146,0.05113788847723051,-0.03996121104394074,h1_green_strong(+위조건 & 첫1h +3%↑),→14:30,트레일5%,test
1938,0.22703818369453044,-0.014683306461377213,-0.03597000000000005,0.4407963074978846,-12.35218994888093,0.050979183669042194,-0.033970019183262756,h1_green_strong(+위조건 & 첫1h +3%↑),→14:30,손절3%+트레일5%,test
1938,0.3802889576883385,-0.01176656867954493,-0.015393483093385226,0.7062664415692244,-4.509218883954027,0.07439626341607931,-0.06464084616037345,h1_green_strong(+위조건 & 첫1h +3%↑),→종가,손절없음,test
1938,0.15273477812177502,-0.014057518325049487,-0.02598000000000011,0.41059684132072866,-13.62940559667853,0.06411709911210917,-0.028149897595085398,h1_green_strong(+위조건 & 첫1h +3%↑),→종가,손절2%,test
1938,0.21620227038183695,-0.013764912198499062,-0.03597000000000005,0.5096812995982042,-9.801971024029793,0.06618101712671938,-0.03581714681816103,h1_green_strong(+위조건 & 첫1h +3%↑),→종가,손절3%,test
1938,0.2889576883384933,-0.014489348897710542,-0.051845381017524055,0.5667960884738577,-8.655195391908295,0.06560683559791092,-0.04703932227764379,h1_green_strong(+위조건 & 첫1h +3%↑),→종가,손절5%,test
1938,0.2936016511867905,-0.014418776338973172,-0.03597000000000005,0.4382104541393623,-16.065271131407705,0.038307075026122,-0.03633331938261025,h1_green_strong(+위조건 & 첫1h +3%↑),→종가,손절3%+익절5%,test
1938,0.23787409700722395,-0.01377755022464604,-0.03597000000000005,0.4969493040475589,-12.870109677003882,0.057217013123807905,-0.03593631373421765,h1_green_strong(+위조건 & 첫1h +3%↑),→종가,손절3%+익절10%,test
1938,0.3188854489164087,-0.01402945257146027,-0.04040060514504095,0.5643315412757354,-10.750913168826656,0.056988106577743024,-0.04727858253676907,h1_green_strong(+위조건 & 첫1h +3%↑),→종가,손절5%+익절10%,test
1938,0.24819401444788441,-0.012851882540995866,-0.03596999999999983,0.46196191365667255,-11.518454545597088,0.04445991175853929,-0.03177224840103458,h1_green_strong(+위조건 & 첫1h +3%↑),→종가,트레일3%,test
1938,0.2961816305469556,-0.013690537220212936,-0.028531173852958,0.5299264677651404,-9.683750197058488,0.052108933338135835,-0.041380343745500474,h1_green_strong(+위조건 & 첫1h +3%↑),→종가,트레일5%,test
1938,0.23168214654282765,-0.014764951793254977,-0.03597000000000005,0.45044816386013536,-12.202237544508518,0.05223668673985322,-0.03496893816086114,h1_green_strong(+위조건 & 첫1h +3%↑),→종가,손절3%+트레일5%,test
2619,0.3726613211149294,-0.0070544442191398824,-0.009788290415715602,0.6970482671384282,-5.348499347891069,0.043554987700118425,-0.0371182333568125,orb60(2h째 첫1h 고가 돌파),→12:30,손절없음,train
2619,0.15273004963726614,-0.0244884370603481,-0.02598000000000011,0.15120532516503296,-32.47887485879537,0.028562815535010513,-0.03405152901084087,orb60(2h째 첫1h 고가 돌파),→12:30,손절2%,train
2619,0.21420389461626574,-0.02201136314089069,-0.03596999999999994,0.24136251549327312,-25.305173865806513,0.03269302464652138,-0.03692349217331935,orb60(2h째 첫1h 고가 돌파),→12:30,손절3%,train
2619,0.29782359679266895,-0.01695579386545285,-0.016959318629987227,0.3915571187439777,-16.4106545723978,0.03663821726768465,-0.03968734834280318,orb60(2h째 첫1h 고가 돌파),→12:30,손절5%,train
2619,0.23062237495227186,-0.02282957691033581,-0.03596999999999994,0.20131281651586705,-33.9934142506135,0.024951182479460446,-0.03715194845943603,orb60(2h째 첫1h 고가 돌파),→12:30,손절3%+익절5%,train
2619,0.21764032073310424,-0.022014107994194777,-0.03596999999999994,0.23809484398469347,-29.553125312016572,0.03160900415542903,-0.03693122557608134,orb60(2h째 첫1h 고가 돌파),→12:30,손절3%+익절10%,train
2619,0.30469644902634596,-0.016726915152239213,-0.01653532595221396,0.3940078742984801,-18.672701363073326,0.035693273633500375,-0.03969853000727501,orb60(2h째 첫1h 고가 돌파),→12:30,손절5%+익절10%,train
2619,0.21076746849942726,-0.021500457624350527,-0.03291124359470753,0.2371534778670954,-22.215590690139013,0.031712936051155875,-0.035711291349014074,orb60(2h째 첫1h 고가 돌파),→12:30,트레일3%,train
2619,0.29591447117220315,-0.015717053313105564,-0.016853164810914475,0.4151308991045437,-13.573488956683715,0.03769912796533743,-0.03816691258143166,orb60(2h째 첫1h 고가 돌파),→12:30,트레일5%,train
2619,0.21076746849942726,-0.02219891589377992,-0.03596999999999994,0.23676802805211994,-23.03711884146885,0.03267342702393229,-0.03685277815337215,orb60(2h째 첫1h 고가 돌파),→12:30,손절3%+트레일5%,train
2619,0.3898434516991218,-0.006244370091868678,-0.01030213254088885,0.7758841129666951,-3.3534469211219013,0.05545268851474294,-0.04566408025291403,orb60(2h째 첫1h 고가 돌파),→14:30,손절없음,train
2619,0.14012982054219167,-0.024738523260549476,-0.026492880070864696,0.1735640385231435,-31.38084568849587,0.03707607444813224,-0.03481221658163571,orb60(2h째 첫1h 고가 돌파),→14:30,손절2%,train
2619,0.21076746849942726,-0.02248518274027403,-0.03597000000000005,0.2689255032882678,-24.48042143195979,0.039243090173013,-0.038969946479090876,orb60(2h째 첫1h 고가 돌파),→14:30,손절3%,train
2619,0.29667812142038946,-0.01722640635954329,-0.022372781713529407,0.43922049105830024,-14.523488056419891,0.045477818544467835,-0.043676559861398144,orb60(2h째 첫1h 고가 돌파),→14:30,손절5%,train
2619,0.24436807941962582,-0.02255085551988106,-0.03597000000000005,0.2423273442068025,-31.743549615862108,0.029514766766935624,-0.03938865150955396,orb60(2h째 첫1h 고가 돌파),→14:30,손절3%+익절5%,train
2619,0.21993127147766323,-0.022171905659778193,-0.03597000000000005,0.2721391982208133,-27.968838121987293,0.0376928352669808,-0.03905007050256487,orb60(2h째 첫1h 고가 돌파),→14:30,손절3%+익절10%,train
2619,0.3142420771286751,-0.01658821019699737,-0.021032428679997436,0.4467042479845713,-16.939242166381984,0.04261847835587704,-0.04371911480669427,orb60(2h째 첫1h 고가 돌파),→14:30,손절5%+익절10%,train
2619,0.2103856433753341,-0.02149512867944261,-0.0348598700659578,0.25538547329784944,-21.975585997314628,0.0350419797735087,-0.036558932720823736,orb60(2h째 첫1h 고가 돌파),→14:30,트레일3%,train
2619,0.2997327224131348,-0.015433776684060933,-0.020695258392526058,0.45614103111440085,-12.642735624615574,0.043186787395799696,-0.04052491234528808,orb60(2h째 첫1h 고가 돌파),→14:30,트레일5%,train
2619,0.21344024436807943,-0.022529469368011833,-0.03597000000000005,0.25977409370877763,-23.00596369268301,0.03704300510659138,-0.03869500977155708,orb60(2h째 첫1h 고가 돌파),→14:30,손절3%+트레일5%,train
2619,0.37724322260404736,-0.007845034468220664,-0.01307218677420052,0.7577171119828161,-3.0607706630775655,0.06503659016843048,-0.05199405049581805,orb60(2h째 첫1h 고가 돌파),→종가,손절없음,train
2619,0.12752959144711723,-0.025377969806904845,-0.028004662878355898,0.16875834618780358,-30.331538909267103,0.04040023310181295,-0.03499281434585966,orb60(2h째 첫1h 고가 돌파),→종가,손절2%,train
2619,0.19663993890798015,-0.023234295112372634,-0.03597000000000005,0.27246318333172775,-23.4329083350788,0.04424972964277766,-0.039752485582383285,orb60(2h째 첫1h 고가 돌파),→종가,손절3%,train
2619,0.2833142420771287,-0.018920378822725223,-0.03122508791175071,0.43058022352266084,-14.689672560156833,0.050499020339946146,-0.04636267726635982,orb60(2h째 첫1h 고가 돌파),→종가,손절5%,train
2619,0.2420771286750668,-0.022727382973592166,-0.03597000000000005,0.2556284244907006,-31.28083718453712,0.03224148474945852,-0.04028419009521138,orb60(2h째 첫1h 고가 돌파),→종가,손절3%+익절5%,train
2619,0.2080946926307751,-0.022716950161522868,-0.03597000000000005,0.28020442457681183,-27.94640334595249,0.04249666382970667,-0.03985360378988358,orb60(2h째 첫1h 고가 돌파),→종가,손절3%+익절10%,train
2619,0.30469644902634596,-0.017636041741463073,-0.02758547266287192,0.45279604861548556,-17.234954802676913,0.047894663752609444,-0.04635295716390671,orb60(2h째 첫1h 고가 돌파),→종가,손절5%+익절10%,train
2619,0.21191294387170675,-0.021520379212195663,-0.035121769050447275,0.2603133595368473,-21.847114888422848,0.03573889472793502,-0.03691713165249243,orb60(2h째 첫1h 고가 돌파),→종가,트레일3%,train
2619,0.293241695303551,-0.015763022389869402,-0.022966838194202085,0.46295798592152604,-12.729358364966945,0.04633904592801769,-0.04152984490101867,orb60(2h째 첫1h 고가 돌파),→종가,트레일5%,train
2619,0.20542191676212296,-0.02275471146885266,-0.03597000000000005,0.26922228035399265,-22.848421203747268,0.04080846473232549,-0.039187671005726205,orb60(2h째 첫1h 고가 돌파),→종가,손절3%+트레일5%,train
1898,0.3540569020021075,-0.009176663711333766,-0.01179137182265105,0.6516481256579401,-4.972521502466785,0.04848492751053039,-0.04078236460945181,orb60(2h째 첫1h 고가 돌파),→12:30,손절없음,test
1898,0.13435194942044257,-0.0261038310432028,-0.029899999999999923,0.14409439334733826,-31.31124120917262,0.032710071177152834,-0.03523197776638642,orb60(2h째 첫1h 고가 돌파),→12:30,손절2%,test
1898,0.21443624868282402,-0.021362385378685986,-0.03597000000000005,0.28121713825424016,-18.73657437967642,0.038975851801915186,-0.03783298399203587,orb60(2h째 첫1h 고가 돌파),→12:30,손절3%,test
1898,0.28609062170706007,-0.017450004073695128,-0.019272388980023866,0.3963879635963521,-13.271763448365942,0.04005479178073217,-0.04049436137919625,orb60(2h째 첫1h 고가 돌파),→12:30,손절5%,test
1898,0.2339304531085353,-0.022550217429379477,-0.03597000000000005,0.23086329201664543,-23.944838328690302,0.028934455685125343,-0.03827180949460653,orb60(2h째 첫1h 고가 돌파),→12:30,손절3%+익절5%,test
1898,0.21865121180189673,-0.021928669650070877,-0.03597000000000005,0.25922770617996,-21.749302191376092,0.035095956474105135,-0.03788633643465148,orb60(2h째 첫1h 고가 돌파),→12:30,손절3%+익절10%,test
1898,0.2934668071654373,-0.017878410466765016,-0.019037490441048795,0.3761255169361622,-15.622644373378709,0.03672869446482647,-0.04056010878659832,orb60(2h째 첫1h 고가 돌파),→12:30,손절5%+익절10%,test
1898,0.21180189673340358,-0.021959391205470375,-0.03596999999999994,0.24830014814450582,-20.37695734547955,0.03424703398461592,-0.03706298941831442,orb60(2h째 첫1h 고가 돌파),→12:30,트레일3%,test
1898,0.2834562697576396,-0.01731003337498621,-0.0193801403468099,0.38744604610196126,-13.213766848152938,0.0386259099287738,-0.03943763447603245,orb60(2h째 첫1h 고가 돌파),→12:30,트레일5%,test
1898,0.21285563751317177,-0.02186866566211403,-0.03597000000000005,0.2658400968922929,-18.793516047618237,0.03720205693773728,-0.037842274718566465,orb60(2h째 첫1h 고가 돌파),→12:30,손절3%+트레일5%,test
1898,0.3656480505795574,-0.008405589015526979,-0.013087431706291005,0.7259076701950655,-3.8928918878682692,0.060882067500243685,-0.04834382292079678,orb60(2h째 첫1h 고가 돌파),→14:30,손절없음,test
1898,0.12118018967334036,-0.02601765768263236,-0.029899999999999923,0.1716196205131586,-28.03629047492091,0.0444809138160579,-0.035738683728614835,orb60(2h째 첫1h 고가 돌파),→14:30,손절2%,test
1898,0.20495258166491043,-0.021999167685681154,-0.03597000000000005,0.3057104094863826,-18.222566129602026,0.047263124590829805,-0.03985405946537815,orb60(2h째 첫1h 고가 돌파),→14:30,손절3%,test
1898,0.2755532139093783,-0.01907077834952746,-0.028949665340048,0.4182898864928309,-13.380215247660228,0.049766109135159574,-0.045253827189157506,orb60(2h째 첫1h 고가 돌파),→14:30,손절5%,test
1898,0.23814541622760801,-0.02304891541389035,-0.03597000000000005,0.2500708575993407,-23.794321105296753,0.03227387556329989,-0.040342069993205686,orb60(2h째 첫1h 고가 돌파),→14:30,손절3%+익절5%,test
1898,0.21285563751317177,-0.02251121042778982,-0.03597000000000005,0.284508061998201,-21.17963231180812,0.04205363329614927,-0.039970512211237874,orb60(2h째 첫1h 고가 돌파),→14:30,손절3%+익절10%,test
1898,0.2903055848261328,-0.019016005188218145,-0.027017688213848364,0.4091106671038531,-15.253761746809106,0.04535221991949479,-0.04534628880688914,orb60(2h째 첫1h 고가 돌파),→14:30,손절5%+익절10%,test
1898,0.19915700737618547,-0.022077835808198863,-0.03596999999999994,0.26201881631446644,-19.648035551095287,0.039359366438999545,-0.03735629794598899,orb60(2h째 첫1h 고가 돌파),→14:30,트레일3%,test
1898,0.27766069546891464,-0.01753777250699301,-0.02467291665305887,0.4205921902258438,-12.64717082657428,0.04584974078183773,-0.04190335930729482,orb60(2h째 첫1h 고가 돌파),→14:30,트레일5%,test
1898,0.2054794520547945,-0.022467372441407278,-0.03597000000000005,0.28495568462773574,-18.458766236240347,0.043574082626575285,-0.039547059096920016,orb60(2h째 첫1h 고가 돌파),→14:30,손절3%+트레일5%,test
1898,0.3851422550052687,-0.005749294321218215,-0.01347012877279202,0.8312413900643039,-1.65547369409639,0.07352831159057123,-0.05540818885550963,orb60(2h째 첫1h 고가 돌파),→종가,손절없음,test
1898,0.11854583772391991,-0.02631881879979219,-0.029899999999999923,0.17604147151686927,-27.979594084111138,0.04743399689842377,-0.036237756954065115,orb60(2h째 첫1h 고가 돌파),→종가,손절2%,test
1898,0.19863013698630136,-0.02217340211208264,-0.03597000000000005,0.32807308705916494,-15.623298826513397,0.054504926664635224,-0.04117914172340588,orb60(2h째 첫1h 고가 돌파),→종가,손절3%,test
1898,0.28240252897787144,-0.018415534907743485,-0.034958099724056994,0.46668480812074786,-11.129072573713042,0.057063113629537726,-0.04811932023519042,orb60(2h째 첫1h 고가 돌파),→종가,손절5%,test
1898,0.24130663856691253,-0.02319947309876048,-0.03597000000000005,0.2672868378298757,-23.446490897691866,0.03507134579734803,-0.04173283077543943,orb60(2h째 첫1h 고가 돌파),→종가,손절3%+익절5%,test
1898,0.20969441517386722,-0.022725552713810646,-0.03597000000000005,0.3044819100957335,-20.745883516348,0.04744392993505258,-0.04134385544330901,orb60(2h째 첫1h 고가 돌파),→종가,손절3%+익절10%,test
1898,0.3018967334035827,-0.018560753963840392,-0.0318544724323958,0.4494919079829273,-14.179863167465932,0.0501990352345059,-0.048296119405842226,orb60(2h째 첫1h 고가 돌파),→종가,손절5%+익절10%,test
1898,0.20126448893572182,-0.02215287992589778,-0.03596999999999994,0.26652776089825125,-19.707812618572362,0.039996483381511926,-0.03781320761945352,orb60(2h째 첫1h 고가 돌파),→종가,트레일3%,test
1898,0.2813487881981033,-0.01754958923878896,-0.027469889793693077,0.4368333139435143,-12.456181571725025,0.04838388106672345,-0.043362252833469034,orb60(2h째 첫1h 고가 돌파),→종가,트레일5%,test
1898,0.20389884088514226,-0.022741822248289478,-0.03597000000000005,0.2963275119246321,-18.483109787235815,0.046969064132411226,-0.04059629811151328,orb60(2h째 첫1h 고가 돌파),→종가,손절3%+트레일5%,test
1938,0.29050567595459237,-0.010833609344532388,-0.010887488474958792,0.40249158446420086,-12.553028391725768,0.025120676269702834,-0.025555255017851972,h1_pull(둘째1h 눌림 유지→11:30),→12:30,손절없음,train
1938,0.2260061919504644,-0.010947923407622389,-0.0167049754463463,0.31199701871815916,-20.601359200216677,0.021967039786041555,-0.02055909266017226,h1_pull(둘째1h 눌림 유지→11:30),→12:30,손절2%,train
1938,0.2585139318885449,-0.011083921585699737,-0.013235767821041963,0.34806563874182894,-17.792382179103214,0.022891105726988617,-0.02292907724586457,h1_pull(둘째1h 눌림 유지→11:30),→12:30,손절3%,train
1938,0.2786377708978328,-0.01151705790464423,-0.01175177056364007,0.36115342679982354,-16.305441266841964,0.023366665076984587,-0.02499145733960815,h1_pull(둘째1h 눌림 유지→11:30),→12:30,손절5%,train
1938,0.26367389060887514,-0.01155643387013676,-0.013122085583109008,0.3181924973635954,-21.056527361284495,0.020454311725992498,-0.02301928670799384,h1_pull(둘째1h 눌림 유지→11:30),→12:30,손절3%+익절5%,train
1938,0.2590299277605779,-0.010926631723126237,-0.013235767821041963,0.35720231167710437,-17.77352798578243,0.02344100976383089,-0.022940946504778376,h1_pull(둘째1h 눌림 유지→11:30),→12:30,손절3%+익절10%,train
1938,0.27915376676986586,-0.011374596723726744,-0.01175177056364007,0.3689493997040872,-16.344607081384765,0.023822928075312628,-0.025005134244328243,h1_pull(둘째1h 눌림 유지→11:30),→12:30,손절5%+익절10%,train
1938,0.2585139318885449,-0.011083921585699737,-0.013235767821041963,0.34806563874182894,-17.792382179103214,0.022891105726988617,-0.02292907724586457,h1_pull(둘째1h 눌림 유지→11:30),→12:30,트레일3%,train
1938,0.2786377708978328,-0.01151705790464423,-0.01175177056364007,0.36115342679982354,-16.305441266841964,0.023366665076984587,-0.02499145733960815,h1_pull(둘째1h 눌림 유지→11:30),→12:30,트레일5%,train
1938,0.2585139318885449,-0.011083921585699737,-0.013235767821041963,0.34806563874182894,-17.792382179103214,0.022891105726988617,-0.02292907724586457,h1_pull(둘째1h 눌림 유지→11:30),→12:30,손절3%+트레일5%,train
1938,0.3395252837977296,-0.013282882838641012,-0.01270385253640521,0.48221559004823544,-10.129089341680782,0.036434473496265614,-0.038840711329553954,h1_pull(둘째1h 눌림 유지→11:30),→14:30,손절없음,train
1938,0.23168214654282765,-0.010873046630682757,-0.02598,0.41757724044011246,-14.552828524452039,0.033647838005794226,-0.024298081688962248,h1_pull(둘째1h 눌림 유지→11:30),→14:30,손절2%,train
1938,0.2724458204334365,-0.011852718504142023,-0.022849619638503068,0.43989817167521106,-13.927315424585212,0.034168269748297835,-0.029086109849736523,h1_pull(둘째1h 눌림 유지→11:30),→14:30,손절3%,train
1938,0.3080495356037152,-0.012935385839023322,-0.015668655308969322,0.4553143695251532,-12.738254414754344,0.03510138619088965,-0.034320883901557284,h1_pull(둘째1h 눌림 유지→11:30),→14:30,손절5%,train
1938,0.29876160990712075,-0.012357858321997255,-0.02058560113521046,0.3962531506429356,-18.44934767059548,0.027147901940104864,-0.029189230795696387,h1_pull(둘째1h 눌림 유지→11:30),→14:30,손절3%+익절5%,train
1938,0.27657378740970073,-0.011835215729551514,-0.022275245375274696,0.4370846600491444,-15.186374531135005,0.03322673307308846,-0.02906289373113142,h1_pull(둘째1h 눌림 유지→11:30),→14:30,손절3%+익절10%,train
1938,0.31217750257997934,-0.012992896554499008,-0.015367937974629983,0.4489661040458512,-14.174382946505906,0.03391092358156606,-0.034280826923830866,h1_pull(둘째1h 눌림 유지→11:30),→14:30,손절5%+익절10%,train
1938,0.2807017543859649,-0.01158675258821976,-0.018642881815999265,0.4014817662184268,-16.034958856205954,0.027688858185904962,-0.026913820207390384,h1_pull(둘째1h 눌림 유지→11:30),→14:30,트레일3%,train
1938,0.3090815273477812,-0.013147667996443877,-0.015543281254885574,0.412844423702453,-15.05375754430223,0.02990948342462233,-0.03240923162692831,h1_pull(둘째1h 눌림 유지→11:30),→14:30,트레일5%,train
1938,0.27502579979360164,-0.012665956962742574,-0.02236971102412782,0.39734375472604894,-16.278820086112255,0.030364162123295946,-0.028989838438086724,h1_pull(둘째1h 눌림 유지→11:30),→14:30,손절3%+트레일5%,train
1938,0.36016511867905054,-0.01303189290097628,-0.013622971950344839,0.5604574861445513,-7.9522760726423245,0.04613681806657528,-0.046338151171420636,h1_pull(둘째1h 눌림 유지→11:30),→종가,손절없음,train
1938,0.2218782249742002,-0.01041207286639184,-0.02598,0.47494927198115344,-11.810944034914261,0.042449099059390594,-0.025485218707297967,h1_pull(둘째1h 눌림 유지→11:30),→종가,손절2%,train
1938,0.2693498452012384,-0.011270331342614688,-0.03596999999999994,0.5077434078425533,-11.057674755511263,0.043159132500805775,-0.03133543030184172,h1_pull(둘째1h 눌림 유지→11:30),→종가,손절3%,train
1938,0.3157894736842105,-0.012796404450073736,-0.020018207597977507,0.5148790667163442,-10.718493534483986,0.04300763178906903,-0.03855211348352424,h1_pull(둘째1h 눌림 유지→11:30),→종가,손절5%,train
1938,0.30856553147574817,-0.012557968998284845,-0.03596999999999983,0.4228118607500613,-17.644309739776688,0.029812730821310852,-0.03146668429091039,h1_pull(둘째1h 눌림 유지→11:30),→종가,손절3%+익절5%,train
1938,0.2760577915376677,-0.011649995926467002,-0.03596999999999994,0.4861011811326064,-13.5229640660566,0.039918555828350244,-0.03131441159918776,h1_pull(둘째1h 눌림 유지→11:30),→종가,손절3%+익절10%,train
1938,0.32456140350877194,-0.01306766653521055,-0.019262140980471406,0.49774007546641197,-12.777658819608217,0.03990021657437613,-0.038519766211245705,h1_pull(둘째1h 눌림 유지→11:30),→종가,손절5%+익절10%,train
1938,0.2848297213622291,-0.011502479346363817,-0.021373212299860386,0.4260013727456504,-15.206859250759816,0.02997134976563596,-0.02802019483685723,h1_pull(둘째1h 눌림 유지→11:30),→종가,트레일3%,train
1938,0.31475748194014447,-0.01344477987616803,-0.018488151099856905,0.4370191103015847,-14.410923137642563,0.033157700877155825,-0.034851039860752026,h1_pull(둘째1h 눌림 유지→11:30),→종가,트레일5%,train
1938,0.27347781217750256,-0.012898516134982326,-0.03596999999999983,0.4238557924128816,-15.421144717851575,0.03469801073374027,-0.030814822413691823,h1_pull(둘째1h 눌림 유지→11:30),→종가,손절3%+트레일5%,train
1512,0.2751322751322751,-0.01197001393565527,-0.01143065186752373,0.39665956824465887,-8.58486973431514,0.02860280475847286,-0.0273699159217477,h1_pull(둘째1h 눌림 유지→11:30),→12:30,손절없음,test
1512,0.21957671957671956,-0.01066675262003905,-0.020073330932363295,0.36326241530956416,-9.155181820464,0.027714427461846783,-0.02146552532104421,h1_pull(둘째1h 눌림 유지→11:30),→12:30,손절2%,test
1512,0.24404761904761904,-0.011285059263263229,-0.014433665127882685,0.3701976593469064,-9.37644026653676,0.027180576712028486,-0.023703099223790478,h1_pull(둘째1h 눌림 유지→11:30),→12:30,손절3%,test
1512,0.2612433862433862,-0.011772669768017148,-0.01214626809907415,0.3776522253543108,-9.310176986901732,0.02734566975466524,-0.02560592322500868,h1_pull(둘째1h 눌림 유지→11:30),→12:30,손절5%,test
1512,0.25066137566137564,-0.012709643767633174,-0.014395248642125432,0.2887953060710613,-20.554144859755294,0.020589294952446775,-0.02384847675519743,h1_pull(둘째1h 눌림 유지→11:30),→12:30,손절3%+익절5%,test
1512,0.24537037037037038,-0.01211358300231921,-0.014433665127882685,0.3236517284472918,-17.605938928151698,0.023624250943640616,-0.023733860297631297,h1_pull(둘째1h 눌림 유지→11:30),→12:30,손절3%+익절10%,test
1512,0.26322751322751325,-0.01262951708599095,-0.012098343551697806,0.3316316590256001,-16.233158838190196,0.023806501452506172,-0.02564705333224037,h1_pull(둘째1h 눌림 유지→11:30),→12:30,손절5%+익절10%,test
1512,0.24404761904761904,-0.011285059263263229,-0.014433665127882685,0.3701976593469064,-9.37644026653676,0.027180576712028486,-0.023703099223790478,h1_pull(둘째1h 눌림 유지→11:30),→12:30,트레일3%,test
1512,0.2612433862433862,-0.011772669768017148,-0.01214626809907415,0.3776522253543108,-9.310176986901732,0.02734566975466524,-0.02560592322500868,h1_pull(둘째1h 눌림 유지→11:30),→12:30,트레일5%,test
1512,0.24404761904761904,-0.011285059263263229,-0.014433665127882685,0.3701976593469064,-9.37644026653676,0.027180576712028486,-0.023703099223790478,h1_pull(둘째1h 눌림 유지→11:30),→12:30,손절3%+트레일5%,test
1512,0.33994708994708994,-0.008973162940550226,-0.011808275336406434,0.6436597349595382,-4.418687020339134,0.047678838778606604,-0.038150646791899535,h1_pull(둘째1h 눌림 유지→11:30),→14:30,손절없음,test
1512,0.2175925925925926,-0.009620782343526698,-0.02598,0.5050946219199719,-6.302978313082988,0.04512496247149201,-0.024845930309833675,h1_pull(둘째1h 눌림 유지→11:30),→14:30,손절2%,test
1512,0.2665343915343915,-0.009636862304193061,-0.024866068465788312,0.5526372054980034,-5.890401790190664,0.044664518434814934,-0.02936946504343582,h1_pull(둘째1h 눌림 유지→11:30),→14:30,손절3%,test
1512,0.3101851851851852,-0.00943274143606363,-0.01496701147318735,0.5986387719969378,-5.281551195155841,0.04535720691993072,-0.03406983230755103,h1_pull(둘째1h 눌림 유지→11:30),→14:30,손절5%,test
1512,0.29365079365079366,-0.012749168182728617,-0.022106537776044707,0.38771716213103474,-16.740364562137042,0.02749246052347861,-0.029478834049354093,h1_pull(둘째1h 눌림 유지→11:30),→14:30,손절3%+익절5%,test
1512,0.2744708994708995,-0.011564736387953505,-0.023631770883780986,0.45616271159694144,-12.711432822020381,0.03534192752158498,-0.02930973686421464,h1_pull(둘째1h 눌림 유지→11:30),→14:30,손절3%+익절10%,test
1512,0.31812169312169314,-0.011688704904951955,-0.01495024875621875,0.4947277798109252,-10.985250316723729,0.03597609201014412,-0.03392611258309086,h1_pull(둘째1h 눌림 유지→11:30),→14:30,손절5%+익절10%,test
1512,0.25727513227513227,-0.011045783747350282,-0.019682449643644847,0.44844440770154415,-6.589816102736962,0.034907443719024864,-0.02696368711727008,h1_pull(둘째1h 눌림 유지→11:30),→14:30,트레일3%,test
1512,0.29563492063492064,-0.011382802485762967,-0.015836107291220754,0.5028360586324802,-6.297624756184865,0.03894217995648863,-0.03250511906011646,h1_pull(둘째1h 눌림 유지→11:30),→14:30,트레일5%,test
1512,0.25992063492063494,-0.01133051868688799,-0.024327507105729337,0.47339925085957735,-6.547521384190267,0.0391881828628173,-0.029073011724452046,h1_pull(둘째1h 눌림 유지→11:30),→14:30,손절3%+트레일5%,test
1512,0.3974867724867725,-0.004057558026139084,-0.009109038101342112,0.8501112357229348,-1.5196960209722952,0.05789602344047507,-0.044929240201150175,h1_pull(둘째1h 눌림 유지→11:30),→종가,손절없음,test
1512,0.21957671957671956,-0.008273328418572725,-0.02598,0.5950616898791412,-4.364933688188222,0.05536905317405607,-0.026179490019210657,h1_pull(둘째1h 눌림 유지→11:30),→종가,손절2%,test
1512,0.2843915343915344,-0.00709852623576154,-0.03596999999999994,0.6880101769000158,-3.495997324909877,0.05504348993953608,-0.031794521573449135,h1_pull(둘째1h 눌림 유지→11:30),→종가,손절3%,test
1512,0.34656084656084657,-0.005877532501752301,-0.015103548138716002,0.7654951249817388,-2.60209937472968,0.05536127674874767,-0.03835641514068143,h1_pull(둘째1h 눌림 유지→11:30),→종가,손절5%,test
1512,0.32275132275132273,-0.011619466046565635,-0.03596999999999983,0.4651833643820336,-13.92777119724666,0.03131391786350296,-0.0320799068162077,h1_pull(둘째1h 눌림 유지→11:30),→종가,손절3%+익절5%,test
1512,0.294973544973545,-0.009736012921746716,-0.03596999999999994,0.5652469503230163,-9.430969569832264,0.042913473125459664,-0.03176384667132837,h1_pull(둘째1h 눌림 유지→11:30),→종가,손절3%+익절10%,test
1512,0.35714285714285715,-0.009429197642052384,-0.014931542497759239,0.6158691288015216,-7.801870491181278,0.0423293884533987,-0.03818396769508077,h1_pull(둘째1h 눌림 유지→11:30),→종가,손절5%+익절10%,test
1512,0.27314814814814814,-0.010168145968626212,-0.02197876936721149,0.5026775148295096,-5.951718196012016,0.03762659126546445,-0.02812922556615073,h1_pull(둘째1h 눌림 유지→11:30),→종가,트레일3%,test
1512,0.31812169312169314,-0.009734262371335945,-0.017490064072672614,0.5894338583245312,-5.18923618861999,0.043930051279124235,-0.03477066864279215,h1_pull(둘째1h 눌림 유지→11:30),→종가,트레일5%,test
1512,0.2777777777777778,-0.009848165916021567,-0.03486383232953643,0.5602672962905612,-5.482140434369069,0.04517148458762352,-0.03100956995588506,h1_pull(둘째1h 눌림 유지→11:30),→종가,손절3%+트레일5%,test
4652,0.34608770421324164,-0.0099494596331587,-0.012442757286757752,0.605931346984747,-10.316061240628013,0.04420433440015692,-0.03861073786906868,h1_vwap(10:30 VWAP 위 & VWAP 상승),→12:30,손절없음,train
4652,0.22893379191745486,-0.009922277180520552,-0.02598,0.48082904246530367,-16.03194508909317,0.04014040543824332,-0.024786162597019996,h1_vwap(10:30 VWAP 위 & VWAP 상승),→12:30,손절2%,train
4652,0.27536543422184007,-0.01047145970855798,-0.02567613030431864,0.514288162528562,-15.174002981052485,0.040264808929854845,-0.029751542807284422,h1_vwap(10:30 VWAP 위 & VWAP 상승),→12:30,손절3%,train
4652,0.31405846947549443,-0.011306859494532969,-0.01659777158948644,0.5311569775300675,-14.748407987154664,0.04078748428394468,-0.03515826540501741,h1_vwap(10:30 VWAP 위 & VWAP 상승),→12:30,손절5%,train
4652,0.30137575236457437,-0.012329679154566302,-0.02337759399576633,0.4096075339245785,-27.774084173846376,0.02838380385762351,-0.029892849364747873,h1_vwap(10:30 VWAP 위 & VWAP 상승),→12:30,손절3%+익절5%,train
4652,0.2820292347377472,-0.010736955363997958,-0.02460356819198539,0.4968314337514054,-19.845076499357685,0.037590887703097056,-0.029720826652629293,h1_vwap(10:30 VWAP 위 & VWAP 상승),→12:30,손절3%+익절10%,train
4652,0.3217970765262253,-0.011256034570110658,-0.016102209382305274,0.5266758197831451,-17.728911814021608,0.0389213604854545,-0.03506445307983524,h1_vwap(10:30 VWAP 위 & VWAP 상승),→12:30,손절5%+익절10%,train
4652,0.27815993121238175,-0.009692009198902693,-0.021365525380458602,0.5237041566687735,-13.004018627645682,0.03831144008245118,-0.028190062614647755,h1_vwap(10:30 VWAP 위 & VWAP 상승),→12:30,트레일3%,train
4652,0.3138435081685297,-0.010404580992548427,-0.016367204793712727,0.5498431623191825,-12.646957541405774,0.040493603204603,-0.033685078776959795,h1_vwap(10:30 VWAP 위 & VWAP 상승),→12:30,트레일5%,train
4652,0.27106620808254517,-0.010819522472861262,-0.026015934504001467,0.5002477385789227,-14.431222654337844,0.039954258839297194,-0.029700601279889223,h1_vwap(10:30 VWAP 위 & VWAP 상승),→12:30,손절3%+트레일5%,train
4652,0.3701633705932932,-0.00983722169872428,-0.013113298564815464,0.668444607841655,-7.587965487617396,0.053578228117825394,-0.04710732565234153,h1_vwap(10:30 VWAP 위 & VWAP 상승),→14:30,손절없음,train
4652,0.2115219260533104,-0.009720649812227212,-0.02598,0.5269027387219428,-10.551735680973268,0.0511823152549881,-0.026058849819353674,h1_vwap(10:30 VWAP 위 & VWAP 상승),→14:30,손절2%,train
4652,0.26397248495270853,-0.01042713055284785,-0.03596999999999994,0.5589954503438781,-10.60697387045606,0.05006928085474531,-0.03212385754131876,h1_vwap(10:30 VWAP 위 & VWAP 상승),→14:30,손절3%,train
4652,0.3196474634565778,-0.01095317404497874,-0.020513386597592772,0.593709816578753,-10.147363386835409,0.050073347599099864,-0.03962503429292341,h1_vwap(10:30 VWAP 위 & VWAP 상승),→14:30,손절5%,train
4652,0.31362854686156494,-0.012032267893295232,-0.03596999999999994,0.4567424187379195,-25.135372214789363,0.032255030628772524,-0.03226877542342266,h1_vwap(10:30 VWAP 위 & VWAP 상승),→14:30,손절3%+익절5%,train
4652,0.278804815133276,-0.010684983218853073,-0.03596999999999994,0.5389223609370929,-18.00069276022133,0.04479460562588872,-0.03213268120145519,h1_vwap(10:30 VWAP 위 & VWAP 상승),→14:30,손절3%+익절10%,train
4652,0.33705932932072225,-0.011025767014734735,-0.018697595203400304,0.5798303647186703,-15.613783937483541,0.045141787291676956,-0.03958307089036819,h1_vwap(10:30 VWAP 위 & VWAP 상승),→14:30,손절5%+익절10%,train
4652,0.27622527944969905,-0.009638661762261493,-0.024174994140870872,0.5421912669206173,-12.74293196891143,0.04132584704331817,-0.029089031175736357,h1_vwap(10:30 VWAP 위 & VWAP 상승),→14:30,트레일3%,train
4652,0.3209372312983663,-0.01035994152880832,-0.018681917062371652,0.5812419304394052,-11.957892216072263,0.044805460991396796,-0.03643209916181441,h1_vwap(10:30 VWAP 위 & VWAP 상승),→14:30,트레일5%,train
4652,0.26827171109200343,-0.011189788260439983,-0.03596999999999994,0.5171605821341745,-14.5182501507871,0.04467552732143459,-0.03167154908481702,h1_vwap(10:30 VWAP 위 & VWAP 상승),→14:30,손절3%+트레일5%,train
4652,0.3619948409286328,-0.010894217741570416,-0.014950248756218861,0.6720253310678809,-6.390120614922324,0.061665039107398095,-0.05206328395911185,h1_vwap(10:30 VWAP 위 & VWAP 상승),→종가,손절없음,train
4652,0.1930352536543422,-0.009930734874962025,-0.02598,0.5356372443846166,-7.4071547440371655,0.05934144866958323,-0.02650143834406209,h1_vwap(10:30 VWAP 위 & VWAP 상승),→종가,손절2%,train
4652,0.24376612209802237,-0.010836710812594408,-0.03597000000000005,0.5694602612217888,-7.768243285525279,0.05879959239359028,-0.03328343276706099,h1_vwap(10:30 VWAP 위 & VWAP 상승),→종가,손절3%,train
4652,0.30374032674118656,-0.011889026013726307,-0.026369200229010067,0.5952938264247893,-8.056751499717075,0.05757518880532811,-0.04219249484340334,h1_vwap(10:30 VWAP 위 & VWAP 상승),→종가,손절5%,train
4652,0.31212381771281167,-0.012279672698854648,-0.03596999999999994,0.4669695592289887,-24.834725921620404,0.034466440953078895,-0.033490721768419496,h1_vwap(10:30 VWAP 위 & VWAP 상승),→종가,손절3%+익절5%,train
4652,0.264402407566638,-0.011284750637714228,-0.03596999999999994,0.5386351733102464,-18.296152940034506,0.04982838246482962,-0.033251189479365,h1_vwap(10:30 VWAP 위 & VWAP 상승),→종가,손절3%+익절10%,train
4652,0.3288907996560619,-0.011730173995203643,-0.023668163749701873,0.5845391427025955,-15.74127203350763,0.050180642164387945,-0.04207083662306242,h1_vwap(10:30 VWAP 위 & VWAP 상승),→종가,손절5%+익절10%,train
4652,0.2760103181427343,-0.009699302038994495,-0.025693738440920374,0.5452456866973222,-12.738839576783457,0.042133794971123975,-0.0294599007803817,h1_vwap(10:30 VWAP 위 & VWAP 상승),→종가,트레일3%,train
4652,0.31792777300085984,-0.01059568179717903,-0.02088451932502838,0.5861171751502607,-11.999037511782872,0.047196248882380644,-0.0375336791104689,h1_vwap(10:30 VWAP 위 & VWAP 상승),→종가,트레일5%,train
4652,0.2607480653482373,-0.011563922802194005,-0.03596999999999994,0.5181065080290632,-14.740493129746826,0.04768173781650199,-0.032460981927078636,h1_vwap(10:30 VWAP 위 & VWAP 상승),→종가,손절3%+트레일5%,train
3511,0.32668755340358874,-0.013258445362295698,-0.014301620051866078,0.5294583923042134,-10.67697598778214,0.04566608906858651,-0.04184831041822713,h1_vwap(10:30 VWAP 위 & VWAP 상승),→12:30,손절없음,test
3511,0.21048134434634008,-0.011422803224495709,-0.02598,0.4366336984947702,-15.354512990760309,0.042061569263588144,-0.02568144365331749,h1_vwap(10:30 VWAP 위 & VWAP 상승),→12:30,손절2%,test
3511,0.2577613215608089,-0.011561632542757877,-0.03251920545721353,0.4885117609121139,-13.544915885034165,0.04283914398813186,-0.030453690394045375,h1_vwap(10:30 VWAP 위 & VWAP 상승),→12:30,손절3%,test
3511,0.29735118199943034,-0.012591453398763918,-0.018221309154354267,0.5029445441452255,-13.089096810103571,0.0428471016189691,-0.0360522768436416,h1_vwap(10:30 VWAP 위 & VWAP 상승),→12:30,손절5%,test
3511,0.28880660780404444,-0.01321711422348676,-0.02812349475258979,0.3965840676482967,-23.349118302581342,0.030077934390137357,-0.03079868382469415,h1_vwap(10:30 VWAP 위 & VWAP 상승),→12:30,손절3%+익절5%,test
3511,0.26459698091711764,-0.012279143065501576,-0.03060319449937487,0.4524888349262037,-18.7726007504074,0.038352887143211244,-0.030496476939976484,h1_vwap(10:30 VWAP 위 & VWAP 상승),→12:30,손절3%+익절10%,test
3511,0.3070350327542011,-0.012942967474067719,-0.017692766306991455,0.4825024864725027,-16.984388352502343,0.03930404213404219,-0.036092279581565655,h1_vwap(10:30 VWAP 위 & VWAP 상승),→12:30,손절5%+익절10%,test
3511,0.25918541726003985,-0.011658489954295116,-0.02465296478172607,0.46085428051486016,-15.367712740255456,0.0384493678690966,-0.02918949749727338,h1_vwap(10:30 VWAP 위 & VWAP 상승),→12:30,트레일3%,test
3511,0.2956422671603532,-0.012042251749752209,-0.01801539111449468,0.5054006408619829,-12.877899070334308,0.041622045252461645,-0.034566934438105615,h1_vwap(10:30 VWAP 위 & VWAP 상승),→12:30,트레일5%,test
3511,0.2537738536029621,-0.012583586658894613,-0.03258779681856582,0.4462748255341676,-15.785928088883526,0.039963699982963466,-0.03045367536038146,h1_vwap(10:30 VWAP 위 & VWAP 상승),→12:30,손절3%+트레일5%,test
3511,0.3437767017943606,-0.012082139973551176,-0.01594989793465351,0.6224342958799559,-8.282532283351697,0.0579386534589552,-0.04876404000525049,h1_vwap(10:30 VWAP 위 & VWAP 상승),→14:30,손절없음,test
3511,0.19111364283679863,-0.011630079542525483,-0.02598,0.4628552949989747,-14.160171528021646,0.05243785662106449,-0.026767257417796217,h1_vwap(10:30 VWAP 위 & VWAP 상승),→14:30,손절2%,test
3511,0.23867843919111364,-0.01229868979757321,-0.03597000000000005,0.5073682652419381,-13.249444073217177,0.053069692714100045,-0.032792032313391464,h1_vwap(10:30 VWAP 위 & VWAP 상승),→14:30,손절3%,test
3511,0.2922244374821988,-0.012949754222661685,-0.02412688331445367,0.5508642062281662,-11.335211970131727,0.05435154339659763,-0.04073692981918485,h1_vwap(10:30 VWAP 위 & VWAP 상승),→14:30,손절5%,test
3511,0.28880660780404444,-0.013764937668120075,-0.03596999999999994,0.41431033980531456,-23.1056205086975,0.033715168811640224,-0.033046006138475276,h1_vwap(10:30 VWAP 위 & VWAP 상승),→14:30,손절3%+익절5%,test
3511,0.2520649387638849,-0.012757020623312385,-0.03596999999999994,0.4805627616466618,-17.90667441927773,0.04682241934224777,-0.03283615404658761,h1_vwap(10:30 VWAP 위 & VWAP 상승),→14:30,손절3%+익절10%,test
3511,0.30931358587297064,-0.013460629164855686,-0.022359070297625402,0.5209202205550613,-15.889696714232223,0.04731836596351027,-0.040679593581105344,h1_vwap(10:30 VWAP 위 & VWAP 상승),→14:30,손절5%+익절10%,test
3511,0.24779265166619197,-0.0118203976255355,-0.026922251887126044,0.46941695088722685,-14.987647533164592,0.042203557398154706,-0.029617005300889714,h1_vwap(10:30 VWAP 위 & VWAP 상승),→14:30,트레일3%,test
3511,0.2916547992025064,-0.012404701305872262,-0.021819053137987706,0.5284850521345051,-12.539966691226253,0.047671018082889455,-0.03714034129545489,h1_vwap(10:30 VWAP 위 & VWAP 상승),→14:30,트레일5%,test
3511,0.24152663058957563,-0.013196444218076028,-0.03596999999999994,0.46095326081962873,-15.645082876620853,0.046722101854878774,-0.03227677732730084,h1_vwap(10:30 VWAP 위 & VWAP 상승),→14:30,손절3%+트레일5%,test
3511,0.37282825405867276,-0.009504667108784854,-0.014295778063615813,0.7226343657699508,-5.628589411946521,0.06641926327468421,-0.054638375043372045,h1_vwap(10:30 VWAP 위 & VWAP 상승),→종가,손절없음,test
3511,0.17943605810310453,-0.011799536257919838,-0.02598000000000011,0.47637524688272814,-14.280904577099179,0.05982521077454609,-0.02746201131187803,h1_vwap(10:30 VWAP 위 & VWAP 상승),→종가,손절2%,test
3511,0.23953289661065225,-0.01159233144141044,-0.03597000000000005,0.556843763728823,-11.243558829396004,0.06081099624791319,-0.03439802379598765,h1_vwap(10:30 VWAP 위 & VWAP 상승),→종가,손절3%,test
3511,0.30247792651666194,-0.011944970168063227,-0.028693716636582375,0.6074163061683084,-9.871196752967302,0.06110061359605457,-0.0436209236010943,h1_vwap(10:30 VWAP 위 & VWAP 상승),→종가,손절5%,test
3511,0.3021931073768157,-0.01354967843641095,-0.03597000000000005,0.44026832456752574,-21.973469683127796,0.0352680940761877,-0.03469076277758121,h1_vwap(10:30 VWAP 위 & VWAP 상승),→종가,손절3%+익절5%,test
3511,0.2563372258615779,-0.012467236300664838,-0.03597000000000005,0.513329769873353,-16.652072275569928,0.05130033266451652,-0.03444763157782425,h1_vwap(10:30 VWAP 위 & VWAP 상승),→종가,손절3%+익절10%,test
3511,0.32497863856451153,-0.012618791757650231,-0.026074392337888438,0.5714211822104285,-13.995698194777708,0.05177124288407406,-0.04361838227503733,h1_vwap(10:30 VWAP 위 & VWAP 상승),→종가,손절5%+익절10%,test
3511,0.2537738536029621,-0.011780975625630281,-0.028433865519381537,0.476553135660264,-14.882298847554011,0.04226424466898584,-0.030160476115135226,h1_vwap(10:30 VWAP 위 & VWAP 상승),→종가,트레일3%,test
3511,0.3058957561948163,-0.011825862894094145,-0.024160101020751498,0.5605802620839088,-11.638226357900509,0.04931938236923806,-0.03877292625594017,h1_vwap(10:30 VWAP 위 & VWAP 상승),→종가,트레일5%,test
3511,0.24950156650526917,-0.01298533995178289,-0.03597000000000005,0.4831613139187325,-15.027185129972995,0.04865384721134619,-0.0334771532174,h1_vwap(10:30 VWAP 위 & VWAP 상승),→종가,손절3%+트레일5%,test
2480,0.2870967741935484,-0.010769060679903296,-0.011831915266019285,0.41006113928939464,-14.993081036345888,0.026073006930745456,-0.025605911437132887,vwap_reclaim(첫2h 내 VWAP 회복봉 종가),→12:30,손절없음,train
2480,0.2213709677419355,-0.011730502610070118,-0.020273151987148404,0.31139509089010237,-22.47923828474912,0.023962802262964027,-0.02187841787433513,vwap_reclaim(첫2h 내 VWAP 회복봉 종가),→12:30,손절2%,train
2480,0.2560483870967742,-0.011709839427433876,-0.01495024875621875,0.34743082213043963,-20.01582948131338,0.02434841425065628,-0.024120132698754876,vwap_reclaim(첫2h 내 VWAP 회복봉 종가),→12:30,손절3%,train
2480,0.2754032258064516,-0.011753091596092115,-0.012812226774070509,0.37274788468753756,-17.747090313828863,0.025360403016911406,-0.025859110973210316,vwap_reclaim(첫2h 내 VWAP 회복봉 종가),→12:30,손절5%,train
2480,0.26411290322580644,-0.012170133527849916,-0.014924833772713027,0.3177908758036308,-24.262422904990256,0.02146493730736133,-0.024241898676925736,vwap_reclaim(첫2h 내 VWAP 회복봉 종가),→12:30,손절3%+익절5%,train
2480,0.25725806451612904,-0.011358181998996835,-0.01495024875621875,0.3666716414728585,-19.736129841071627,0.02556161052684522,-0.02414581914964137,vwap_reclaim(첫2h 내 VWAP 회복봉 종가),→12:30,손절3%+익절10%,train
2480,0.27741935483870966,-0.011157276358102809,-0.012741993279390292,0.4035493961597085,-17.003787226380897,0.027210946733856146,-0.025887933438051337,vwap_reclaim(첫2h 내 VWAP 회복봉 종가),→12:30,손절5%+익절10%,train
2480,0.2560483870967742,-0.011709839427433876,-0.01495024875621875,0.34743082213043963,-20.01582948131338,0.02434841425065628,-0.024120132698754876,vwap_reclaim(첫2h 내 VWAP 회복봉 종가),→12:30,트레일3%,train
2480,0.2754032258064516,-0.011753091596092115,-0.012812226774070509,0.37274788468753756,-17.747090313828863,0.025360403016911406,-0.025859110973210316,vwap_reclaim(첫2h 내 VWAP 회복봉 종가),→12:30,트레일5%,train
2480,0.2560483870967742,-0.011709839427433876,-0.01495024875621875,0.34743082213043963,-20.01582948131338,0.02434841425065628,-0.024120132698754876,vwap_reclaim(첫2h 내 VWAP 회복봉 종가),→12:30,손절3%+트레일5%,train
2480,0.32620967741935486,-0.01153751402662823,-0.013680344760979787,0.5341839629837283,-10.203457057663268,0.04055942697883831,-0.03675979126984931,vwap_reclaim(첫2h 내 VWAP 회복봉 종가),→14:30,손절없음,train
2480,0.21451612903225806,-0.01156755164520309,-0.02598,0.41529998308370975,-15.642653190928542,0.03830101672116344,-0.0251866883859151,vwap_reclaim(첫2h 내 VWAP 회복봉 종가),→14:30,손절2%,train
2480,0.2584677419354839,-0.012149522312546278,-0.026130463307447224,0.44687938838330404,-14.66941962479639,0.03797723445999377,-0.02962165449916845,vwap_reclaim(첫2h 내 VWAP 회복봉 종가),→14:30,손절3%,train
2480,0.2963709677419355,-0.01261274277693947,-0.016638648225230698,0.4823616874849578,-13.193880881768392,0.03965703802010154,-0.0346289541728278,vwap_reclaim(첫2h 내 VWAP 회복봉 종가),→14:30,손절5%,train
2480,0.2923387096774194,-0.01278466179646145,-0.022479487574015796,0.3938401874935668,-21.12051547706812,0.028414224508488618,-0.029804144742950792,vwap_reclaim(첫2h 내 VWAP 회복봉 종가),→14:30,손절3%+익절5%,train
2480,0.2661290322580645,-0.011767158180495242,-0.025351525942942373,0.4588115615254938,-16.125012863155757,0.03748566155661666,-0.029628070832414945,vwap_reclaim(첫2h 내 VWAP 회복봉 종가),→14:30,손절3%+익절10%,train
2480,0.3064516129032258,-0.011906292398587945,-0.01612424563572334,0.503478692734606,-13.801168698320005,0.03939651791853938,-0.03457497602708606,vwap_reclaim(첫2h 내 VWAP 회복봉 종가),→14:30,손절5%+익절10%,train
2480,0.2608870967741935,-0.012305147559216554,-0.02017569042890249,0.39534629615365746,-18.051193259388416,0.030839347669209472,-0.027534001030461313,vwap_reclaim(첫2h 내 VWAP 회복봉 종가),→14:30,트레일3%,train
2480,0.29596774193548386,-0.012509742104252663,-0.016258495032616057,0.4529700842217261,-14.857868982178795,0.03499954677558923,-0.032482146478710824,vwap_reclaim(첫2h 내 VWAP 회복봉 종가),→14:30,트레일5%,train
2480,0.2568548387096774,-0.013056506120289814,-0.024444735708160744,0.4008628372424355,-17.868326711157092,0.034010166862523686,-0.029324260157214507,vwap_reclaim(첫2h 내 VWAP 회복봉 종가),→14:30,손절3%+트레일5%,train
2480,0.3431451612903226,-0.0121924854583945,-0.013463220365869107,0.5802841868649355,-8.379071309539137,0.0491246841449475,-0.044224966325456534,vwap_reclaim(첫2h 내 VWAP 회복봉 종가),→종가,손절없음,train
2480,0.20201612903225807,-0.01127149091243885,-0.02598,0.460769819798991,-12.908988560487916,0.047676586557494786,-0.026194677780774753,vwap_reclaim(첫2h 내 VWAP 회복봉 종가),→종가,손절2%,train
2480,0.25201612903225806,-0.012017821811908693,-0.03596999999999994,0.49667823190989063,-12.140346884523558,0.0470572817663255,-0.03192183245147547,vwap_reclaim(첫2h 내 VWAP 회복봉 종가),→종가,손절3%,train
2480,0.30120967741935484,-0.012650782225233399,-0.020546505671745482,0.5314050409656531,-10.552735702355688,0.047629554158016105,-0.038634285559501935,vwap_reclaim(첫2h 내 VWAP 회복봉 종가),→종가,손절5%,train
2480,0.30362903225806454,-0.012900728678751227,-0.03596999999999994,0.4218122534215103,-20.099949032283146,0.030997113547881913,-0.03204089960906666,vwap_reclaim(첫2h 내 VWAP 회복봉 종가),→종가,손절3%+익절5%,train
2480,0.2661290322580645,-0.011984216905648255,-0.03596999999999994,0.4877275574785435,-15.20801618764837,0.04287397071864591,-0.0318778453847879,vwap_reclaim(첫2h 내 VWAP 회복봉 종가),→종가,손절3%+익절10%,train
2480,0.32016129032258067,-0.01230217384227047,-0.01915817784892043,0.5302992527631035,-13.124669789942253,0.0433823228688219,-0.038526070869914206,vwap_reclaim(첫2h 내 VWAP 회복봉 종가),→종가,손절5%+익절10%,train
2480,0.26048387096774195,-0.012320176064364375,-0.02281659638714328,0.4113417515726291,-17.533640191456158,0.03305031752842203,-0.028301276860951085,vwap_reclaim(첫2h 내 VWAP 회복봉 종가),→종가,트레일3%,train
2480,0.3064516129032258,-0.012570032827980616,-0.01856244023351372,0.4780838653310283,-14.0166860740954,0.03757317234442466,-0.03472633278788062,vwap_reclaim(첫2h 내 VWAP 회복봉 종가),→종가,트레일5%,train
2480,0.25967741935483873,-0.01328477604378145,-0.03596999999999994,0.4240084821378993,-16.90454821955573,0.03765984320253242,-0.03115423943954732,vwap_reclaim(첫2h 내 VWAP 회복봉 종가),→종가,손절3%+트레일5%,train
1674,0.27299880525686976,-0.013053300617870025,-0.01382159158757795,0.38037416583293615,-11.161727137164862,0.029352229193608696,-0.028977151993256855,vwap_reclaim(첫2h 내 VWAP 회복봉 종가),→12:30,손절없음,test
1674,0.21505376344086022,-0.01247283935428005,-0.02324249691490232,0.3057990153338648,-17.03463445115435,0.02554871954809556,-0.022889704806985697,vwap_reclaim(첫2h 내 VWAP 회복봉 종가),→12:30,손절2%,test
1674,0.24313022700119474,-0.012930225729500205,-0.01642182769503075,0.3261176248228634,-15.75780914875419,0.025736964515887924,-0.0253513357767559,vwap_reclaim(첫2h 내 VWAP 회복봉 종가),→12:30,손절3%,test
1674,0.26045400238948624,-0.013396564578968982,-0.01495024875621875,0.3428032899891189,-14.615801712567405,0.026829464656808102,-0.027563405246819394,vwap_reclaim(첫2h 내 VWAP 회복봉 종가),→12:30,손절5%,test
1674,0.24731182795698925,-0.013683872907581036,-0.01641045833982446,0.2854791978463293,-21.797749530175473,0.02210669070771575,-0.02544362952403569,vwap_reclaim(첫2h 내 VWAP 회복봉 종가),→12:30,손절3%+익절5%,test
1674,0.24372759856630824,-0.013139012080678872,-0.01641045833982446,0.31476389956324696,-18.90625834850981,0.024762967329244847,-0.025353868004256187,vwap_reclaim(첫2h 내 VWAP 회복봉 종가),→12:30,손절3%+익절10%,test
1674,0.2628434886499403,-0.013443458273371657,-0.014906083260148802,0.3378010053960553,-16.899462655219086,0.026090728255654765,-0.02753992672780571,vwap_reclaim(첫2h 내 VWAP 회복봉 종가),→12:30,손절5%+익절10%,test
1674,0.24313022700119474,-0.012930225729500205,-0.01642182769503075,0.3261176248228634,-15.75780914875419,0.025736964515887924,-0.0253513357767559,vwap_reclaim(첫2h 내 VWAP 회복봉 종가),→12:30,트레일3%,test
1674,0.26045400238948624,-0.013396564578968982,-0.01495024875621875,0.3428032899891189,-14.615801712567405,0.026829464656808102,-0.027563405246819394,vwap_reclaim(첫2h 내 VWAP 회복봉 종가),→12:30,트레일5%,test
1674,0.24313022700119474,-0.012930225729500205,-0.01642182769503075,0.3261176248228634,-15.75780914875419,0.025736964515887924,-0.0253513357767559,vwap_reclaim(첫2h 내 VWAP 회복봉 종가),→12:30,손절3%+트레일5%,test
1674,0.32317801672640384,-0.010515052894660324,-0.01495024875621875,0.5873392415365203,-6.266384578399094,0.0463090099517829,-0.03764816675161159,vwap_reclaim(첫2h 내 VWAP 회복봉 종가),→14:30,손절없음,test
1674,0.2019115890083632,-0.012746154778162036,-0.02598,0.38136538584630764,-13.977380801125362,0.03891571349212,-0.025816298098038776,vwap_reclaim(첫2h 내 VWAP 회복봉 종가),→14:30,손절2%,test
1674,0.24492234169653523,-0.013787378167414441,-0.03596999999999983,0.40414217206250025,-13.598211387128226,0.03818078091735936,-0.030644138630038856,vwap_reclaim(첫2h 내 VWAP 회복봉 종가),→14:30,손절3%,test
1674,0.2909199522102748,-0.0131043674453519,-0.0181640579971547,0.47466982182340617,-10.928062220491759,0.04070069506410257,-0.03517940151620643,vwap_reclaim(첫2h 내 VWAP 회복봉 종가),→14:30,손절5%,test
1674,0.27060931899641577,-0.014575368939137417,-0.029759163972932986,0.34961996691083336,-19.61049182296007,0.028953817715134333,-0.030725018041827916,vwap_reclaim(첫2h 내 VWAP 회복봉 종가),→14:30,손절3%+익절5%,test
1674,0.25029868578255676,-0.013827166632400162,-0.03381715129958617,0.3979722528807761,-15.861124461615159,0.03651833033043415,-0.030635742909234886,vwap_reclaim(첫2h 내 VWAP 회복봉 종가),→14:30,손절3%+익절10%,test
1674,0.2974910394265233,-0.013400076366531162,-0.018003540780052448,0.4585421312360443,-12.908642799929218,0.0381459082602309,-0.035228222917659986,vwap_reclaim(첫2h 내 VWAP 회복봉 종가),→14:30,손절5%+익절10%,test
1674,0.23775388291517324,-0.013456908758348927,-0.023424457393346584,0.3765238819081645,-13.860297812296194,0.03418144310192111,-0.028315893116019362,vwap_reclaim(첫2h 내 VWAP 회복봉 종가),→14:30,트레일3%,test
1674,0.27180406212664276,-0.013756163776348876,-0.01897999597157229,0.43099290451024036,-11.900829223665582,0.03833485572113378,-0.03319948934759958,vwap_reclaim(첫2h 내 VWAP 회복봉 종가),→14:30,트레일5%,test
1674,0.23416965352449223,-0.014310547059338815,-0.03141464536234278,0.3790412271526329,-14.064636169090521,0.03730347626625457,-0.030092682116774537,vwap_reclaim(첫2h 내 VWAP 회복봉 종가),→14:30,손절3%+트레일5%,test
1674,0.38291517323775387,-0.005473508563405727,-0.01164992877117604,0.8032497345913959,-1.6670258880367606,0.05835774337177465,-0.045082252503822584,vwap_reclaim(첫2h 내 VWAP 회복봉 종가),→종가,손절없음,test
1674,0.2031063321385902,-0.012522276002349978,-0.02598,0.42067920831467853,-12.539417822484278,0.04477047899164406,-0.02712462735014456,vwap_reclaim(첫2h 내 VWAP 회복봉 종가),→종가,손절2%,test
1674,0.26105137395459976,-0.012883500547862217,-0.03596999999999994,0.47425714488067877,-10.995269523716116,0.0445193074833665,-0.033162423029387635,vwap_reclaim(첫2h 내 VWAP 회복봉 종가),→종가,손절3%,test
1674,0.3279569892473118,-0.011782057057253999,-0.019196606328887308,0.5627651607125014,-8.419313975085347,0.0462398774832193,-0.04009676111300497,vwap_reclaim(첫2h 내 VWAP 회복봉 종가),→종가,손절5%,test
1674,0.2986857825567503,-0.014131007567113786,-0.03596999999999994,0.39591148781859364,-17.787498906081275,0.031006739802602382,-0.03335492041622629,vwap_reclaim(첫2h 내 VWAP 회복봉 종가),→종가,손절3%+익절5%,test
1674,0.27180406212664276,-0.012836438697351973,-0.03596999999999994,0.4682797978304924,-13.369578943015817,0.041592101961015863,-0.033152259861878114,vwap_reclaim(첫2h 내 VWAP 회복봉 종가),→종가,손절3%+익절10%,test
1674,0.33990442054958186,-0.011898345783134132,-0.018248434834999935,0.5500025217923603,-10.239313572469403,0.042784294404776414,-0.040056193988492604,vwap_reclaim(첫2h 내 VWAP 회복봉 종가),→종가,손절5%+익절10%,test
1674,0.24671445639187575,-0.01330804313014698,-0.025438944213028943,0.3965578226206633,-13.375281343514065,0.03544789587070079,-0.02927648310425494,vwap_reclaim(첫2h 내 VWAP 회복봉 종가),→종가,트레일3%,test
1674,0.2968936678614098,-0.013673274287358483,-0.020223805751809872,0.4618316250387753,-11.37031326352669,0.03952183371462552,-0.03613543968836617,vwap_reclaim(첫2h 내 VWAP 회복봉 종가),→종가,트레일5%,test
1674,0.25149342891278376,-0.014291921283220049,-0.03596999999999994,0.4050114853809084,-13.549418309319412,0.038683230017290376,-0.03209123389097335,vwap_reclaim(첫2h 내 VWAP 회복봉 종가),→종가,손절3%+트레일5%,test
