모델,기간,CAGR,MDD,샤프,최근3년,2024~,최근1년
HFEA (UPRO55/TMF45 분기),2005-01-03~2026-09-18,0.16827424707644578,-0.7155393481217367,0.7250205738398854,0.6883982307917262,0.44234946137195497,0.059107768717768794
듀얼 모멘텀 GEM (SPY/EFA/AGG 월간),2005-01-03~2026-09-18,0.06388818205399782,-0.3371725779466055,0.4946386640362498,0.5703299239505986,0.48908191956249913,0.16076875139302826
SPY 200일선 스위칭 → TQQQ (일간),2005-01-03~2026-09-18,0.25582850901596954,-0.6027910537803689,0.7724539345022211,1.716428642519456,1.233030224349191,0.3085411795046036
"TQQQ FTLT (Composer/Reddit 트리 근사, 과열 시 UVXY, 일간)",2005-01-03~2026-09-18,0.6436636675976615,-0.534614643247316,1.2296529837413233,2.820846205003781,1.6526704613977956,0.06875038494738073
"9Sig (TQQQ/AGG 60/40, 분기 9% 신호선)",2010-02-11~2026-09-18,0.3660246916063137,-0.7285151242055015,0.902856533435984,2.692136134813365,1.8991866812522722,0.49460715532745025
"밸류 리밸런싱 근사 (TQQQ, V 연 15%, ±15% 밴드, 2주)",2010-02-11~2026-09-18,0.1963598229393939,-0.33655674456402873,0.9805090857460662,0.8464740319953221,0.6583278100782444,0.17516446515339013
"TQQQ FTLT (Composer/Reddit 트리 근사, 과열 시 BIL, 일간)",2005-01-03~2026-09-18,0.46920041831022563,-0.534614643247316,1.053042526578034,3.0260265105195643,2.1024920728577547,0.3015225255871268
"SMA 50/200 골든크로스 (QQQ, 일간)",2005-01-03~2026-09-18,0.12987699644519557,-0.28559385280786476,0.8026932394123485,0.6965154155523094,0.5300685775192926,0.22265680425212286
"SMA 50/200 골든크로스 (TQQQ, 일간)",2005-01-03~2026-09-18,0.14206028329211406,-0.6992208019255046,0.5281002324885453,0.3686250272342877,0.06459448098318221,-0.09487595266768267
"무한매수법 v2.2 (TQQQ, 40분할, +10%)",2010-02-11~2026-09-18,0.07558287224209659,-0.45193342458217944,0.45659499381391183,0.48784711998031915,0.421853893397502,0.11887033297970628
"무한매수법 v2.2 (SOXL, 40분할, +10%)",2010-03-11~2026-09-18,0.11393007859546755,-0.38644904226078514,0.6420113361947519,0.37569957796544107,0.3268430796727171,0.09479719664451558
"변동성 돌파 K=0.5 (TQQQ, 다음날 시가 매도)",2010-02-11~2026-09-18,-0.2699195822868723,-0.9951936237731146,-0.8205803398297519,-0.6255978850313705,-0.5497174138386653,-0.17523468290088018
"변동성 돌파 K=0.5 (QQQ, 다음날 시가 매도)",2005-01-03~2026-09-18,-0.4162261593249992,-0.9999914328700674,-4.426582614425792,-0.7690901770112135,-0.7209265446308091,-0.3702270589407445
"변동성 돌파 K=0.5 (SPY, 다음날 시가 매도)",2005-01-03~2026-09-18,-0.47161745178473913,-0.9999990114061146,-5.542243775750933,-0.7698490729730738,-0.7278032763095388,-0.37983419286072284
바이앤홀드 SPY,2005-01-04~2026-09-18,0.10871668942323365,-0.5518943734765619,0.6409003636637164,0.7725939538909357,0.6468016692516241,0.16544655230666794
바이앤홀드 QQQ,2005-01-04~2026-09-18,0.15173195449284438,-0.5340402746209081,0.762026617812596,0.9698641286599292,0.7765987727637251,0.22265680425212286
바이앤홀드 TQQQ,2010-02-12~2026-09-18,0.4237943004479565,-0.8165984921717784,0.8872653028514554,2.729938833954872,1.9013588221877922,0.4667999253738757
